{"isomer": null, "global_path": {}, "summary": {"n_species_kept": 5, "n_global_path": 0, "n_hub": 5}, "hubs": {}, "parameter": {"target": null, "raw": "C:\\Users\\xiag\\Documents\\GitHub\\GPS\\demo\\detailed\\raw\\[H2] + [air]\\autoignition\\phi1.0_30.0atm_1000.0K", "K": 1.0, "source": null, "beta": 0.5, "alpha": 0.1, "notes": "T = 1074.3076001588806, axis0 = 0.0046875 (0.003125 ~ 0.00490770339965)", "gamma": null}, "species": {"H2O": {"by_K": [], "by_alpha": true, "by_beta": []}, "OH": {"by_K": [], "by_alpha": true, "by_beta": []}, "HO2": {"by_K": [], "by_alpha": true, "by_beta": []}, "O2": {"by_K": [], "by_alpha": true, "by_beta": []}, "H2O2": {"by_K": [], "by_alpha": true, "by_beta": []}}}