{"isomer": null, "global_path": {"H2 --> H --> HO2 --> OH --> H2O": {"member": ["H2", "H", "HO2", "OH", "H2O"]}, "H2 --> H2O": {"member": ["H2", "H2O"]}, "H2 --> H --> HO2 --> H2O2 --> OH --> H2O": {"member": ["H2", "H", "HO2", "H2O2", "OH", "H2O"]}, "H2 --> H --> OH --> H2O": {"member": ["H2", "H", "OH", "H2O"]}}, "summary": {"n_species_kept": 8, "n_global_path": 4, "n_hub": 6}, "hubs": {"H2O2": {"score": 0.1806178367184022, "global_path": ["H2 --> H --> HO2 --> H2O2 --> OH --> H2O"]}, "OH": {"score": 0.46360696055196, "global_path": ["H2 --> H --> OH --> H2O"]}, "H2": {"score": 1.0, "global_path": ["H2 --> H2O"]}, "H": {"score": 0.4999999929975546, "global_path": ["H2 --> H --> OH --> H2O"]}, "H2O": {"score": 0.9421866932962927, "global_path": ["H2 --> H2O"]}, "HO2": {"score": 0.301891424333659, "global_path": ["H2 --> H --> HO2 --> OH --> H2O"]}}, "parameter": {"target": "H2O", "raw": "C:\\Users\\xiag\\Documents\\GitHub\\GPS\\demo\\detailed\\raw\\[H2] + [air]\\autoignition\\phi1.0_30.0atm_1000.0K", "K": 1.0, "source": "H2", "beta": 0.5, "alpha": 0.1, "notes": "T = 1396.4324598759395, axis0 = 0.00490760803222 (0.003125 ~ 0.00490770339965)", "gamma": null}, "species": {"H2O2": {"by_K": ["H2 --> H --> HO2 --> H2O2 --> OH --> H2O"], "by_alpha": true, "by_beta": ["HO2 --> H2O2, 2 HO2 <=> H2O2 + O2", "H2O2 --> OH, 2 OH (+M) <=> H2O2 (+M)"]}, "OH": {"by_K": ["H2 --> H --> HO2 --> OH --> H2O", "H2 --> H --> HO2 --> H2O2 --> OH --> H2O", "H2 --> H --> OH --> H2O"], "by_alpha": true, "by_beta": ["H2 --> H, H2 + OH <=> H + H2O", "HO2 --> OH, H + HO2 <=> 2 OH", "OH --> H2O, H2 + OH <=> H + H2O", "H2 --> H2O, H2 + OH <=> H + H2O", "H2O2 --> OH, 2 OH (+M) <=> H2O2 (+M)", "H --> OH, H + HO2 <=> 2 OH"]}, "H2": {"by_K": ["H2 --> H --> HO2 --> OH --> H2O", "H2 --> H2O", "H2 --> H --> HO2 --> H2O2 --> OH --> H2O", "H2 --> H --> OH --> H2O"], "by_alpha": true, "by_beta": ["H2 --> H, H2 + OH <=> H + H2O", "OH --> H2O, H2 + OH <=> H + H2O", "H2 --> H2O, H2 + OH <=> H + H2O"]}, "H": {"by_K": ["H2 --> H --> HO2 --> OH --> H2O", "H2 --> H --> HO2 --> H2O2 --> OH --> H2O", "H2 --> H --> OH --> H2O"], "by_alpha": true, "by_beta": ["H2 --> H, H2 + OH <=> H + H2O", "H --> HO2, H + H2O + O2 <=> H2O + HO2", "H --> HO2, H + N2 + O2 <=> HO2 + N2", "HO2 --> OH, H + HO2 <=> 2 OH", "OH --> H2O, H2 + OH <=> H + H2O", "H2 --> H2O, H2 + OH <=> H + H2O", "H --> OH, H + HO2 <=> 2 OH"]}, "H2O": {"by_K": ["H2 --> H --> HO2 --> OH --> H2O", "H2 --> H2O", "H2 --> H --> HO2 --> H2O2 --> OH --> H2O", "H2 --> H --> OH --> H2O"], "by_alpha": true, "by_beta": ["H2 --> H, H2 + OH <=> H + H2O", "H --> HO2, H + H2O + O2 <=> H2O + HO2", "OH --> H2O, H2 + OH <=> H + H2O", "H2 --> H2O, H2 + OH <=> H + H2O"]}, "HO2": {"by_K": ["H2 --> H --> HO2 --> OH --> H2O", "H2 --> H --> HO2 --> H2O2 --> OH --> H2O"], "by_alpha": true, "by_beta": ["H --> HO2, H + H2O + O2 <=> H2O + HO2", "H --> HO2, H + N2 + O2 <=> HO2 + N2", "HO2 --> OH, H + HO2 <=> 2 OH", "HO2 --> H2O2, 2 HO2 <=> H2O2 + O2", "H --> OH, H + HO2 <=> 2 OH"]}, "N2": {"by_K": [], "by_alpha": false, "by_beta": ["H --> HO2, H + N2 + O2 <=> HO2 + N2"]}, "O2": {"by_K": [], "by_alpha": false, "by_beta": ["H --> HO2, H + H2O + O2 <=> H2O + HO2", "H --> HO2, H + N2 + O2 <=> HO2 + N2", "HO2 --> H2O2, 2 HO2 <=> H2O2 + O2"]}}}