{"reaction": {"216": {"member": {"HO2": 1, "O2": -1, "HNO": -1, "NO": 1}, "info": ["HNO+O2<=>HO2+NO                          1.000E+13     .000   13000.00"], "name": "HNO+O2=HO2+NO"}, "217": {"member": {"CO": 1, "CN": -1, "O": -1, "N": 1}, "info": ["CN+O<=>CO+N                              7.700E+13     .000        .00"], "name": "CN+O=CO+N"}, "214": {"member": {"H2": 1, "H": -1, "HNO": -1, "NO": 1}, "info": ["HNO+H<=>H2+NO                            9.000E+11     .720     660.00"], "name": "HNO+H=H2+NO"}, "215": {"member": {"H2O": 1, "NO": 1, "HNO": -1, "OH": -1}, "info": ["HNO+OH<=>NO+H2O                          1.300E+07    1.900    -950.00"], "name": "HNO+OH=NO+H2O"}, "212": {"member": {"H": -1, "HNO": 1, "NO": -1}, "info": ["H+NO+M<=>HNO+M                           4.480E+19   -1.320     740.00", "H2/2.00/ H2O/6.00/ CH4/2.00/ CO/1.50/ CO2/2.00/ C2H6/3.00/ AR/ .70/"], "name": "H+NO+M=HNO+M"}, "213": {"member": {"OH": 1, "O": -1, "HNO": -1, "NO": 1}, "info": ["HNO+O<=>NO+OH                            2.500E+13     .000        .00"], "name": "HNO+O=NO+OH"}, "210": {"member": {"H2O": 1, "OH": -1, "N2": 1, "NNH": -1}, "info": ["NNH+OH<=>H2O+N2                          2.000E+13     .000        .00"], "name": "NNH+OH=H2O+N2"}, "211": {"member": {"N2": 1, "CH3": -1, "CH4": 1, "NNH": -1}, "info": ["NNH+CH3<=>CH4+N2                         2.500E+13     .000        .00"], "name": "NNH+CH3=CH4+N2"}, "165": {"member": {"C2H6": -1, "C2H5": 1, "CH3": -1, "CH4": 1}, "info": ["CH3+C2H6<=>C2H5+CH4                      6.140E+06    1.740   10450.00"], "name": "CH3+C2H6=C2H5+CH4"}, "264": {"member": {"HNCO": -1, "OH": 1, "O": -1, "NCO": 1}, "info": ["HNCO+O<=>NCO+OH                          2.200E+06    2.110   11400.00"], "name": "HNCO+O=NCO+OH"}, "265": {"member": {"HNCO": -1, "H": -1, "CO": 1, "NH2": 1}, "info": ["HNCO+H<=>NH2+CO                          2.250E+07    1.700    3800.00"], "name": "HNCO+H=NH2+CO"}, "218": {"member": {"H": 1, "NCO": 1, "CN": -1, "OH": -1}, "info": ["CN+OH<=>NCO+H                            4.000E+13     .000        .00"], "name": "CN+OH=NCO+H"}, "219": {"member": {"H2O": -1, "HCN": 1, "CN": -1, "OH": 1}, "info": ["CN+H2O<=>HCN+OH                          8.000E+12     .000    7460.00"], "name": "CN+H2O=HCN+OH"}, "133": {"member": {"CH2O": -1, "H": 1, "CH2CO": 1, "CH": -1}, "info": ["CH+CH2O<=>H+CH2CO                        9.460E+13     .000    -515.00"], "name": "CH+CH2O=H+CH2CO"}, "132": {"member": {"CH": -1, "CO": 1, "CO2": -1, "HCO": 1}, "info": ["CH+CO2<=>HCO+CO                          1.900E+14     .000   15792.00"], "name": "CH+CO2=HCO+CO"}, "131": {"member": {"CH": -1, "CO": -1, "HCCO": 1}, "info": ["CH+CO(+M)<=>HCCO(+M)                     5.000E+13     .000        .00", "LOW  /  2.690E+28   -3.740   1936.00/", "TROE/   .5757  237.00  1652.00  5069.00 /", "H2/2.00/ H2O/6.00/ CH4/2.00/ CO/1.50/ CO2/2.00/ C2H6/3.00/ AR/ .70/"], "name": "CH+CO=HCCO"}, "130": {"member": {"H": 1, "CH": -1, "CH4": -1, "C2H4": 1}, "info": ["CH+CH4<=>H+C2H4                          6.000E+13     .000        .00"], "name": "CH+CH4=H+C2H4"}, "137": {"member": {"H2": 1, "CH2": -2, "C2H2": 1}, "info": ["2CH2<=>H2+C2H2                           1.600E+15     .000   11944.00"], "name": "2CH2=H2+C2H2"}, "136": {"member": {"H2": -1, "H": 1, "CH2": -1, "CH3": 1}, "info": ["CH2+H2<=>H+CH3                           5.000E+05    2.000    7230.00"], "name": "CH2+H2=H+CH3"}, "135": {"member": {"H": 1, "CH2": -1, "CO": 1, "O2": -1, "OH": 1}, "info": ["CH2+O2=>OH+H+CO                          5.000E+12     .000    1500.00"], "name": "CH2+O2=OH+H+CO"}, "134": {"member": {"CH": -1, "CO": 1, "HCCO": -1, "C2H2": 1}, "info": ["CH+HCCO<=>CO+C2H2                        5.000E+13     .000        .00"], "name": "CH+HCCO=CO+C2H2"}, "139": {"member": {"CH2": -1, "CH3": 2, "CH4": -1}, "info": ["CH2+CH4<=>2CH3                           2.460E+06    2.000    8270.00"], "name": "CH2+CH4=2CH3"}, "138": {"member": {"H": 1, "CH2": -1, "CH3": -1, "C2H4": 1}, "info": ["CH2+CH3<=>H+C2H4                         4.000E+13     .000        .00"], "name": "CH2+CH3=H+C2H4"}, "166": {"member": {"H": 1, "H2O": 0, "CO": 1, "HCO": -1}, "info": ["HCO+H2O<=>H+CO+H2O                       1.500E+18   -1.000   17000.00"], "name": "HCO+H2O=H+CO+H2O"}, "24": {"member": {"H": 1, "CH2CO": 1, "C2H3": -1, "O": -1}, "info": ["O+C2H3<=>H+CH2CO                         3.000E+13     .000        .00"], "name": "O+C2H3=H+CH2CO"}, "25": {"member": {"CH3": 1, "C2H4": -1, "HCO": 1, "O": -1}, "info": ["O+C2H4<=>CH3+HCO                         1.250E+07    1.830     220.00"], "name": "O+C2H4=CH3+HCO"}, "26": {"member": {"CH2O": 1, "C2H5": -1, "CH3": 1, "O": -1}, "info": ["O+C2H5<=>CH3+CH2O                        2.240E+13     .000        .00"], "name": "O+C2H5=CH3+CH2O"}, "27": {"member": {"C2H6": -1, "C2H5": 1, "O": -1, "OH": 1}, "info": ["O+C2H6<=>OH+C2H5                         8.980E+07    1.920    5690.00"], "name": "O+C2H6=OH+C2H5"}, "20": {"member": {"C2H": -1, "CH": 1, "CO": 1, "O": -1}, "info": ["O+C2H<=>CH+CO                            5.000E+13     .000        .00"], "name": "O+C2H=CH+CO"}, "21": {"member": {"H": 1, "C2H2": -1, "O": -1, "HCCO": 1}, "info": ["O+C2H2<=>H+HCCO                          1.350E+07    2.000    1900.00"], "name": "O+C2H2=H+HCCO"}, "22": {"member": {"C2H": 1, "C2H2": -1, "O": -1, "OH": 1}, "info": ["O+C2H2<=>OH+C2H                          4.600E+19   -1.410   28950.00"], "name": "O+C2H2=OH+C2H"}, "23": {"member": {"CH2": 1, "CO": 1, "C2H2": -1, "O": -1}, "info": ["O+C2H2<=>CO+CH2                          6.940E+06    2.000    1900.00"], "name": "O+C2H2=CO+CH2"}, "160": {"member": {"CO": 1, "CH3": -1, "CH4": 1, "HCO": -1}, "info": ["CH3+HCO<=>CH4+CO                         2.648E+13     .000        .00"], "name": "CH3+HCO=CH4+CO"}, "28": {"member": {"H": 1, "CO": 2, "HCCO": -1, "O": -1}, "info": ["O+HCCO<=>H+2CO                           1.000E+14     .000        .00"], "name": "O+HCCO=H+2CO"}, "29": {"member": {"CH2CO": -1, "HCCO": 1, "O": -1, "OH": 1}, "info": ["O+CH2CO<=>OH+HCCO                        1.000E+13     .000    8000.00"], "name": "O+CH2CO=OH+HCCO"}, "161": {"member": {"CH2O": -1, "CH3": -1, "CH4": 1, "HCO": 1}, "info": ["CH3+CH2O<=>HCO+CH4                       3.320E+03    2.810    5860.00"], "name": "CH3+CH2O=HCO+CH4"}, "289": {"member": {"H2": -1, "CH3": 1, "CH": -1}, "info": ["CH+H2(+M)<=>CH3(+M)                      1.970E+12     .430    -370.00", "LOW/ 4.820E+25  -2.80  590.0 /", "TROE/ .578  122.0  2535.0  9365.0 /", "H2/2.00/ H2O/6.00/ CH4/2.00/ CO/1.50/ CO2/2.00/ C2H6/3.00/ AR/ .70/"], "name": "CH+H2=CH3"}, "288": {"member": {"H2": 1, "CH2O": 1, "CH3": -1, "OH": -1}, "info": ["OH+CH3=>H2+CH2O                          8.000E+09     .500   -1755.00"], "name": "OH+CH3=H2+CH2O"}, "4": {"member": {"HO2": -1, "O2": 1, "O": -1, "OH": 1}, "info": ["O+HO2<=>OH+O2                            2.000E+13     .000        .00"], "name": "O+HO2=OH+O2"}, "281": {"member": {"NO": 1, "CN": -1, "NO2": -1, "NCO": 1}, "info": ["CN+NO2<=>NCO+NO                          6.160E+15   -0.752     345.00"], "name": "CN+NO2=NCO+NO"}, "8": {"member": {"H2": 1, "CH2(S)": -1, "CO": 1, "O": -1}, "info": ["O+CH2(S)<=>H2+CO                         1.500E+13     .000        .00"], "name": "O+CH2(S)=H2+CO"}, "283": {"member": {"NO": 1, "CO2": -1, "CO": 1, "N": -1}, "info": ["N+CO2<=>NO+CO                            3.000E+12     .000   11300.00"], "name": "N+CO2=NO+CO"}, "163": {"member": {"CH3OH": -1, "CH3": -1, "CH4": 1, "CH3O": 1}, "info": ["CH3+CH3OH<=>CH3O+CH4                     1.000E+07    1.500    9940.00"], "name": "CH3+CH3OH=CH3O+CH4"}, "285": {"member": {"H": 1, "C2H4": -1, "O": -1, "CH2CHO": 1}, "info": ["O+C2H4<=>H+CH2CHO                        6.700E+06    1.830     220.00"], "name": "O+C2H4=H+CH2CHO"}, "284": {"member": {"H2": 1, "H": 1, "CH3": -1, "CO": 1, "O": -1}, "info": ["O+CH3=>H+H2+CO                           3.370E+13     .000        .00"], "name": "O+CH3=H+H2+CO"}, "287": {"member": {"H2O": 1, "HO2": -1, "O2": 1, "OH": -1}, "info": ["OH+HO2<=>O2+H2O                          0.500E+16     .000   17330.00", "DUPLICATE"], "name": "OH+HO2=O2+H2O"}, "286": {"member": {"H": 1, "C2H5": -1, "CH3CHO": 1, "O": -1}, "info": ["O+C2H5<=>H+CH3CHO                        1.096E+14     .000        .00"], "name": "O+C2H5=H+CH3CHO"}, "119": {"member": {"CH3": -1, "HO2": -1, "CH3O": 1, "OH": 1}, "info": ["HO2+CH3<=>OH+CH3O                        3.780E+13     .000        .00"], "name": "HO2+CH3=OH+CH3O"}, "258": {"member": {"NO": 1, "HCN": 1, "O": -1, "HCNN": -1}, "info": ["HCNN+O<=>HCN+NO                          2.000E+12     .000        .00"], "name": "HCNN+O=HCN+NO"}, "120": {"member": {"CO": -1, "CO2": 1, "HO2": -1, "OH": 1}, "info": ["HO2+CO<=>OH+CO2                          1.500E+14     .000   23600.00"], "name": "HO2+CO=OH+CO2"}, "121": {"member": {"CH2O": -1, "HO2": -1, "HCO": 1, "H2O2": 1}, "info": ["HO2+CH2O<=>HCO+H2O2                      5.600E+06    2.000   12000.00"], "name": "HO2+CH2O=HCO+H2O2"}, "122": {"member": {"C": -1, "CO": 1, "O2": -1, "O": 1}, "info": ["C+O2<=>O+CO                              5.800E+13     .000     576.00"], "name": "C+O2=O+CO"}, "123": {"member": {"H": 1, "C": -1, "C2H": 1, "CH2": -1}, "info": ["C+CH2<=>H+C2H                            5.000E+13     .000        .00"], "name": "C+CH2=H+C2H"}, "124": {"member": {"H": 1, "C": -1, "CH3": -1, "C2H2": 1}, "info": ["C+CH3<=>H+C2H2                           5.000E+13     .000        .00"], "name": "C+CH3=H+C2H2"}, "125": {"member": {"CH": -1, "O2": -1, "O": 1, "HCO": 1}, "info": ["CH+O2<=>O+HCO                            6.710E+13     .000        .00"], "name": "CH+O2=O+HCO"}, "126": {"member": {"H2": -1, "H": 1, "CH2": 1, "CH": -1}, "info": ["CH+H2<=>H+CH2                            1.080E+14     .000    3110.00"], "name": "CH+H2=H+CH2"}, "127": {"member": {"CH2O": 1, "H": 1, "H2O": -1, "CH": -1}, "info": ["CH+H2O<=>H+CH2O                          5.710E+12     .000    -755.00"], "name": "CH+H2O=H+CH2O"}, "128": {"member": {"H": 1, "CH2": -1, "CH": -1, "C2H2": 1}, "info": ["CH+CH2<=>H+C2H2                          4.000E+13     .000        .00"], "name": "CH+CH2=H+C2H2"}, "129": {"member": {"CH3": -1, "CH": -1, "C2H3": 1, "H": 1}, "info": ["CH+CH3<=>H+C2H3                          3.000E+13     .000        .00"], "name": "CH+CH3=H+C2H3"}, "269": {"member": {"HNCO": -1, "NH": 1, "CO": 1}, "info": ["HNCO+M<=>NH+CO+M                         1.180E+16     .000   84720.00", "H2/2.00/ H2O/6.00/ CH4/2.00/ CO/1.50/ CO2/2.00/ C2H6/3.00/ AR/ .70/"], "name": "HNCO+M=NH+CO+M"}, "268": {"member": {"HNCO": -1, "NH2": 1, "CO2": 1, "OH": -1}, "info": ["HNCO+OH<=>NH2+CO2                        3.300E+06    1.500    3600.00"], "name": "HNCO+OH=NH2+CO2"}, "167": {"member": {"H": 1, "CO": 1, "HCO": -1}, "info": ["HCO+M<=>H+CO+M                           1.870E+17   -1.000   17000.00", "H2/2.00/ H2O/ .00/ CH4/2.00/ CO/1.50/ CO2/2.00/ C2H6/3.00/"], "name": "HCO+M=H+CO+M"}, "118": {"member": {"CH4": 1, "CH3": -1, "HO2": -1, "O2": 1}, "info": ["HO2+CH3<=>O2+CH4                         1.000E+12     .000        .00"], "name": "HO2+CH3=O2+CH4"}, "312": {"member": {"C2H5": -1, "CH3": -1, "C3H8": 1}, "info": ["CH3+C2H5(+M)<=>C3H8(+M)                  .9430E+13     .000       .00", "LOW/ 2.710E+74  -16.82  13065.0 /", "TROE/ .1527  291.0  2742.0  7748.0 /", "H2/2.00/ H2O/6.00/ CH4/2.00/ CO/1.50/ CO2/2.00/ C2H6/3.00/ AR/ .70/"], "name": "CH3+C2H5=C3H8"}, "59": {"member": {"CH3OH": 1, "H": -1, "CH2OH": -1}, "info": ["H+CH2OH(+M)<=>CH3OH(+M)                  1.055E+12     .500      86.00", "LOW  /  4.360E+31   -4.650   5080.00/", "TROE/   .600  100.00  90000.0  10000.0 /", "H2/2.00/ H2O/6.00/ CH4/2.00/ CO/1.50/ CO2/2.00/ C2H6/3.00/"], "name": "H+CH2OH=CH3OH"}, "58": {"member": {"CH2O": -1, "H": -1, "H2": 1, "HCO": 1}, "info": ["H+CH2O<=>HCO+H2                          5.740E+07    1.900    2742.00"], "name": "H+CH2O=HCO+H2"}, "55": {"member": {"H2": 1, "H": -1, "CO": 1, "HCO": -1}, "info": ["H+HCO<=>H2+CO                            7.340E+13     .000        .00"], "name": "H+HCO=H2+CO"}, "54": {"member": {"CH2O": 1, "H": -1, "HCO": -1}, "info": ["H+HCO(+M)<=>CH2O(+M)                     1.090E+12     .480    -260.00", "LOW  /  2.470E+24   -2.570    425.00/", "TROE/   .7824  271.00  2755.00  6570.00 /", "H2/2.00/ H2O/6.00/ CH4/2.00/ CO/1.50/ CO2/2.00/ C2H6/3.00/ AR/ .70/"], "name": "H+HCO=CH2O"}, "57": {"member": {"CH2O": -1, "H": -1, "CH3O": 1}, "info": ["H+CH2O(+M)<=>CH3O(+M)                    5.400E+11     .454    2600.00", "LOW  /  2.200E+30   -4.800   5560.00/", "TROE/   .7580   94.00  1555.00  4200.00 /", "H2/2.00/ H2O/6.00/ CH4/2.00/ CO/1.50/ CO2/2.00/ C2H6/3.00/"], "name": "H+CH2O=CH3O"}, "56": {"member": {"CH2O": -1, "H": -1, "CH2OH": 1}, "info": ["H+CH2O(+M)<=>CH2OH(+M)                   5.400E+11     .454    3600.00", "LOW  /  1.270E+32   -4.820   6530.00/", "TROE/   .7187  103.00  1291.00  4160.00 /", "H2/2.00/ H2O/6.00/ CH4/2.00/ CO/1.50/ CO2/2.00/ C2H6/3.00/"], "name": "H+CH2O=CH2OH"}, "51": {"member": {"H2": 1, "H": -1, "CH": 1, "CH2(S)": -1}, "info": ["H+CH2(S)<=>CH+H2                         3.000E+13     .000        .00"], "name": "H+CH2(S)=CH+H2"}, "50": {"member": {"H": -1, "CH2": -1, "CH3": 1}, "info": ["H+CH2(+M)<=>CH3(+M)                      6.000E+14     .000        .00", "LOW  /  1.040E+26   -2.760   1600.00/", "TROE/   .5620  91.00  5836.00  8552.00/", "H2/2.00/ H2O/6.00/ CH4/2.00/ CO/1.50/ CO2/2.00/ C2H6/3.00/ AR/ .70/"], "name": "H+CH2=CH3"}, "53": {"member": {"H2": 1, "H": -1, "CH3": 1, "CH4": -1}, "info": ["H+CH4<=>CH3+H2                           6.600E+08    1.620   10840.00"], "name": "H+CH4=CH3+H2"}, "52": {"member": {"H": -1, "CH3": -1, "CH4": 1}, "info": ["H+CH3(+M)<=>CH4(+M)                      13.90E+15    -.534     536.00", "LOW  /  2.620E+33   -4.760   2440.00/", "TROE/   .7830   74.00  2941.00  6964.00 /", "H2/2.00/ H2O/6.00/ CH4/3.00/ CO/1.50/ CO2/2.00/ C2H6/3.00/ AR/ .70/"], "name": "H+CH3=CH4"}, "259": {"member": {"HCO": 1, "N2": 1, "O2": -1, "O": 1, "HCNN": -1}, "info": ["HCNN+O2<=>O+HCO+N2                       1.200E+13     .000        .00"], "name": "HCNN+O2=O+HCO+N2"}, "298": {"member": {"CO": 1, "CH3CHO": -1, "CH3": 1, "HO2": 1, "O2": -1}, "info": ["O2+CH3CHO=>HO2+CH3+CO                    3.010E+13     .000   39150.00"], "name": "O2+CH3CHO=HO2+CH3+CO"}, "299": {"member": {"H2": 1, "H": -1, "CH3CHO": -1, "CH2CHO": 1}, "info": ["H+CH3CHO<=>CH2CHO+H2                     2.050E+09    1.160    2405.00"], "name": "H+CH3CHO=CH2CHO+H2"}, "296": {"member": {"CH2CHO": 1, "CH3CHO": -1, "O": -1, "OH": 1}, "info": ["O+CH3CHO<=>OH+CH2CHO                     2.920E+12     .000    1808.00"], "name": "O+CH3CHO=OH+CH2CHO"}, "297": {"member": {"CH3CHO": -1, "CH3": 1, "CO": 1, "O": -1, "OH": 1}, "info": ["O+CH3CHO=>OH+CH3+CO                      2.920E+12     .000    1808.00"], "name": "O+CH3CHO=OH+CH3+CO"}, "294": {"member": {"CH2CHO": 1, "C2H3": -1, "O2": -1, "O": 1}, "info": ["C2H3+O2<=>O+CH2CHO                       3.030E+11     .290      11.00"], "name": "C2H3+O2=O+CH2CHO"}, "295": {"member": {"HO2": 1, "C2H3": -1, "O2": -1, "C2H2": 1}, "info": ["C2H3+O2<=>HO2+C2H2                       1.337E+06    1.610    -384.00"], "name": "C2H3+O2=HO2+C2H2"}, "292": {"member": {"H": 2, "CH2": -2, "C2H2": 1}, "info": ["CH2+CH2=>2H+C2H2                         2.000E+14     .000   10989.00"], "name": "CH2+CH2=2H+C2H2"}, "293": {"member": {"H2": 1, "CH2(S)": -1, "H2O": -1, "CH2O": 1}, "info": ["CH2(S)+H2O=>H2+CH2O                      6.820E+10     .250    -935.00"], "name": "CH2(S)+H2O=H2+CH2O"}, "290": {"member": {"H": 2, "CH2": -1, "CO2": 1, "O2": -1}, "info": ["CH2+O2=>2H+CO2                           5.800E+12     .000    1500.00"], "name": "CH2+O2=2H+CO2"}, "291": {"member": {"CH2O": 1, "CH2": -1, "O2": -1, "O": 1}, "info": ["CH2+O2<=>O+CH2O                          2.400E+12     .000    1500.00"], "name": "CH2+O2=O+CH2O"}, "164": {"member": {"CH4": 1, "CH3": -1, "C2H3": 1, "C2H4": -1}, "info": ["CH3+C2H4<=>C2H3+CH4                      2.270E+05    2.000    9200.00"], "name": "CH3+C2H4=C2H3+CH4"}, "201": {"member": {"H": 1, "HNO": 1, "O": -1, "NH2": -1}, "info": ["NH2+O<=>H+HNO                            3.900E+13     .000        .00"], "name": "NH2+O=H+HNO"}, "319": {"member": {"CH2O": 1, "C3H7": -1, "C2H5": 1, "O": -1}, "info": ["O+C3H7<=>C2H5+CH2O                       9.640E+13     .000       .00"], "name": "O+C3H7=C2H5+CH2O"}, "318": {"member": {"C3H7": 1, "CH3": -1, "C2H4": -1}, "info": ["CH3+C2H4(+M)<=>C3H7(+M)                  2.550E+06    1.600   5700.00", "LOW/ 3.00E+63  -14.6  18170./", "TROE/ .1894  277.0  8748.0  7891.0 /", "H2/2.00/ H2O/6.00/ CH4/2.00/ CO/1.50/ CO2/2.00/ C2H6/3.00/ AR/ .70/"], "name": "CH3+C2H4=C3H7"}, "199": {"member": {"NH": -1, "H": 1, "N2O": 1, "NO": -1}, "info": ["NH+NO<=>N2O+H                            3.650E+14    -.450        .00"], "name": "NH+NO=N2O+H"}, "179": {"member": {"NO": 1, "O2": -1, "O": 1, "N": -1}, "info": ["N+O2<=>NO+O                              9.000E+09    1.000    6500.00"], "name": "N+O2=NO+O"}, "200": {"member": {"NH": 1, "OH": 1, "O": -1, "NH2": -1}, "info": ["NH2+O<=>OH+NH                            3.000E+12     .000        .00"], "name": "NH2+O=OH+NH"}, "195": {"member": {"NH": -1, "OH": 1, "O2": -1, "NO": 1}, "info": ["NH+O2<=>NO+OH                            1.280E+06    1.500     100.00"], "name": "NH+O2=NO+OH"}, "194": {"member": {"NH": -1, "O": 1, "O2": -1, "HNO": 1}, "info": ["NH+O2<=>HNO+O                            4.610E+05    2.000    6500.00"], "name": "NH+O2=HNO+O"}, "197": {"member": {"NH": -1, "H2": 1, "H2O": -1, "HNO": 1}, "info": ["NH+H2O<=>HNO+H2                          2.000E+13     .000   13850.00"], "name": "NH+H2O=HNO+H2"}, "178": {"member": {"N2": 1, "NO": -1, "O": 1, "N": -1}, "info": ["N+NO<=>N2+O                              2.700E+13     .000     355.00"], "name": "N+NO=N2+O"}, "191": {"member": {"NH": -1, "H": -1, "H2": 1, "N": 1}, "info": ["NH+H<=>N+H2                              3.200E+13     .000     330.00"], "name": "NH+H=N+H2"}, "190": {"member": {"NH": -1, "H": 1, "O": -1, "NO": 1}, "info": ["NH+O<=>NO+H                              4.000E+13     .000        .00"], "name": "NH+O=NO+H"}, "193": {"member": {"NH": -1, "H2O": 1, "N": 1, "OH": -1}, "info": ["NH+OH<=>N+H2O                            2.000E+09    1.200        .00"], "name": "NH+OH=N+H2O"}, "192": {"member": {"NH": -1, "H": 1, "HNO": 1, "OH": -1}, "info": ["NH+OH<=>HNO+H                            2.000E+13     .000        .00"], "name": "NH+OH=HNO+H"}, "115": {"member": {"HO2": -2, "O2": 1, "H2O2": 1}, "info": ["2HO2<=>O2+H2O2                           1.300E+11     .000   -1630.00", "DUPLICATE"], "name": "2HO2=O2+H2O2"}, "114": {"member": {"CH2CO": -1, "HCCO": 1, "H2O": 1, "OH": -1}, "info": ["OH+CH2CO<=>HCCO+H2O                      7.500E+12     .000    2000.00"], "name": "OH+CH2CO=HCCO+H2O"}, "88": {"member": {"H2O": 1, "HO2": 1, "H2O2": -1, "OH": -1}, "info": ["OH+H2O2<=>HO2+H2O                        2.000E+12     .000     427.00", "DUPLICATE"], "name": "OH+H2O2=HO2+H2O"}, "89": {"member": {"H2O": 1, "HO2": 1, "H2O2": -1, "OH": -1}, "info": ["OH+H2O2<=>HO2+H2O                        1.700E+18     .000   29410.00", "DUPLICATE"], "name": "OH+H2O2=HO2+H2O"}, "111": {"member": {"H2O": 1, "C2H3": -1, "C2H2": 1, "OH": -1}, "info": ["OH+C2H3<=>H2O+C2H2                       5.000E+12     .000        .00"], "name": "OH+C2H3=H2O+C2H2"}, "110": {"member": {"CH3": 1, "CO": 1, "C2H2": -1, "OH": -1}, "info": ["OH+C2H2<=>CH3+CO                         4.830E-04    4.000   -2000.00"], "name": "OH+C2H2=CH3+CO"}, "113": {"member": {"C2H6": -1, "C2H5": 1, "H2O": 1, "OH": -1}, "info": ["OH+C2H6<=>C2H5+H2O                       3.540E+06    2.120     870.00"], "name": "OH+C2H6=C2H5+H2O"}, "112": {"member": {"H2O": 1, "C2H4": -1, "C2H3": 1, "OH": -1}, "info": ["OH+C2H4<=>C2H3+H2O                       3.600E+06    2.000    2500.00"], "name": "OH+C2H4=C2H3+H2O"}, "82": {"member": {"H": 0, "CH2CO": 1, "HCCOH": -1}, "info": ["H+HCCOH<=>H+CH2CO                        1.000E+13     .000        .00"], "name": "H+HCCOH=H+CH2CO"}, "83": {"member": {"H2": -1, "CH2O": 1, "CO": -1}, "info": ["H2+CO(+M)<=>CH2O(+M)                     4.300E+07    1.500   79600.00", "LOW  /  5.070E+27   -3.420  84350.00/", "TROE/   .9320  197.00  1540.00 10300.00 /", "H2/2.00/ H2O/6.00/ CH4/2.00/ CO/1.50/ CO2/2.00/ C2H6/3.00/ AR/ .70/"], "name": "H2+CO=CH2O"}, "80": {"member": {"H2": 1, "H": -1, "CH2CO": -1, "HCCO": 1}, "info": ["H+CH2CO<=>HCCO+H2                        5.000E+13     .000    8000.00"], "name": "H+CH2CO=HCCO+H2"}, "81": {"member": {"H": -1, "CH2CO": -1, "CH3": 1, "CO": 1}, "info": ["H+CH2CO<=>CH3+CO                         1.130E+13     .000    3428.00"], "name": "H+CH2CO=CH3+CO"}, "86": {"member": {"H2O": 1, "O": 1, "OH": -2}, "info": ["2OH<=>O+H2O                              3.570E+04    2.400   -2110.00"], "name": "2OH=O+H2O"}, "87": {"member": {"H2O": 1, "HO2": -1, "O2": 1, "OH": -1}, "info": ["OH+HO2<=>O2+H2O                          1.450E+13     .000    -500.00", "DUPLICATE"], "name": "OH+HO2=O2+H2O"}, "84": {"member": {"H2": -1, "H": 1, "H2O": 1, "OH": -1}, "info": ["OH+H2<=>H+H2O                            2.160E+08    1.510    3430.00"], "name": "OH+H2=H+H2O"}, "85": {"member": {"H2O2": 1, "OH": -2}, "info": ["2OH(+M)<=>H2O2(+M)                       7.400E+13    -.370        .00", "LOW  /  2.300E+18    -.900  -1700.00/", "TROE/   .7346   94.00  1756.00  5182.00 /", "H2/2.00/ H2O/6.00/ CH4/2.00/ CO/1.50/ CO2/2.00/ C2H6/3.00/ AR/ .70/"], "name": "2OH=H2O2"}, "251": {"member": {"H": 1, "CH2": -1, "HCNO": 1, "NO": -1}, "info": ["CH2+NO<=>H+HCNO                          3.800E+13    -.360     580.00"], "name": "CH2+NO=H+HCNO"}, "304": {"member": {"H": -1, "CH2CO": -1, "CH2CHO": 1}, "info": ["H+CH2CO(+M)<=>CH2CHO(+M)                 4.865E+11    0.422   -1755.00", "LOW/ 1.012E+42  -7.63  3854.0/", "TROE/ 0.465  201.0  1773.0  5333.0 /", "H2/2.00/ H2O/6.00/ CH4/2.00/ CO/1.50/ CO2/2.00/ C2H6/3.00/ AR/ .70/"], "name": "H+CH2CO=CH2CHO"}, "198": {"member": {"NH": -1, "N2": 1, "OH": 1, "NO": -1}, "info": ["NH+NO<=>N2+OH                            2.160E+13    -.230        .00"], "name": "NH+NO=N2+OH"}, "256": {"member": {"OH": 1, "CH3": -1, "H2CN": 1, "NO": -1}, "info": ["CH3+NO<=>H2CN+OH                         1.000E+12     .000   21750.00"], "name": "CH3+NO=H2CN+OH"}, "206": {"member": {"N2": 1, "HO2": 1, "O2": -1, "NNH": -1}, "info": ["NNH+O2<=>HO2+N2                          5.000E+12     .000        .00"], "name": "NNH+O2=HO2+N2"}, "226": {"member": {"NO": 1, "O2": -1, "CO2": 1, "NCO": -1}, "info": ["NCO+O2<=>NO+CO2                          2.000E+12     .000   20000.00"], "name": "NCO+O2=NO+CO2"}, "257": {"member": {"H": 1, "N2": 1, "CO": 1, "O": -1, "HCNN": -1}, "info": ["HCNN+O<=>CO+H+N2                         2.200E+13     .000        .00"], "name": "HCNN+O=CO+H+N2"}, "3": {"member": {"H2": -1, "H": 1, "O": -1, "OH": 1}, "info": ["O+H2<=>H+OH                              3.870E+04    2.700    6260.00"], "name": "O+H2=H+OH"}, "177": {"member": {"CO": 2, "HCCO": -2, "C2H2": 1}, "info": ["2HCCO<=>2CO+C2H2                         1.000E+13     .000        .00"], "name": "2HCCO=2CO+C2H2"}, "254": {"member": {"CH2(S)": -1, "HCNO": 1, "H": 1, "NO": -1}, "info": ["CH2(S)+NO<=>H+HCNO                       3.800E+13    -.360     580.00"], "name": "CH2(S)+NO=H+HCNO"}, "7": {"member": {"H": 1, "CH2": -1, "HCO": 1, "O": -1}, "info": ["O+CH2<=>H+HCO                            8.000E+13     .000        .00"], "name": "O+CH2=H+HCO"}, "301": {"member": {"CH3CHO": -1, "CH3": 1, "CO": 1, "H2O": 1, "OH": -1}, "info": ["OH+CH3CHO=>CH3+H2O+CO                    2.343E+10    0.730   -1113.00"], "name": "OH+CH3CHO=CH3+H2O+CO"}, "247": {"member": {"H": 1, "CH": -1, "NCO": 1, "NO": -1}, "info": ["CH+NO<=>H+NCO                            1.620E+13     .000        .00"], "name": "CH+NO=H+NCO"}, "273": {"member": {"HOCN": -1, "H": 0, "HNCO": 1}, "info": ["HOCN+H<=>H+HNCO                          2.000E+07    2.000    2000.00"], "name": "HOCN+H=H+HNCO"}, "255": {"member": {"H2O": 1, "CH3": -1, "HCN": 1, "NO": -1}, "info": ["CH3+NO<=>HCN+H2O                         9.600E+13     .000   28800.00"], "name": "CH3+NO=HCN+H2O"}, "308": {"member": {"H": -1, "CH3": 1, "HCO": 1, "CH2CHO": -1}, "info": ["H+CH2CHO<=>CH3+HCO                       2.200E+13     .000       .00"], "name": "H+CH2CHO=CH3+HCO"}, "309": {"member": {"H2": 1, "H": -1, "CH2CO": 1, "CH2CHO": -1}, "info": ["H+CH2CHO<=>CH2CO+H2                      1.100E+13     .000       .00"], "name": "H+CH2CHO=CH2CO+H2"}, "300": {"member": {"H2": 1, "H": -1, "CH3CHO": -1, "CH3": 1, "CO": 1}, "info": ["H+CH3CHO=>CH3+H2+CO                      2.050E+09    1.160    2405.00"], "name": "H+CH3CHO=CH3+H2+CO"}, "271": {"member": {"H": -1, "HCN": 1, "HCNO": -1, "OH": 1}, "info": ["HCNO+H<=>OH+HCN                          2.700E+11     .180    2120.00"], "name": "HCNO+H=OH+HCN"}, "302": {"member": {"CO": 1, "CH3CHO": -1, "CH3": 1, "HO2": -1, "H2O2": 1}, "info": ["HO2+CH3CHO=>CH3+H2O2+CO                  3.010E+12     .000   11923.00"], "name": "HO2+CH3CHO=CH3+H2O2+CO"}, "303": {"member": {"CO": 1, "CH3CHO": -1, "CH3": 0, "CH4": 1}, "info": ["CH3+CH3CHO=>CH3+CH4+CO                   2.720E+06    1.770    5920.00"], "name": "CH3+CH3CHO=CH3+CH4+CO"}, "225": {"member": {"N2": 1, "N": -1, "CO": 1, "NCO": -1}, "info": ["NCO+N<=>N2+CO                            2.000E+13     .000        .00"], "name": "NCO+N=N2+CO"}, "305": {"member": {"CH2CHO": -1, "CH2": 1, "CO2": 1, "O": -1, "H": 1}, "info": ["O+CH2CHO=>H+CH2+CO2                      1.500E+14     .000       .00"], "name": "O+CH2CHO=H+CH2+CO2"}, "306": {"member": {"CH2O": 1, "CH2CHO": -1, "CO": 1, "O2": -1, "OH": 1}, "info": ["O2+CH2CHO=>OH+CO+CH2O                    1.810E+10     .000       .00"], "name": "O2+CH2CHO=OH+CO+CH2O"}, "307": {"member": {"CH2CHO": -1, "HCO": 2, "O2": -1, "OH": 1}, "info": ["O2+CH2CHO=>OH+2HCO                       2.350E+10     .000       .00"], "name": "O2+CH2CHO=OH+2HCO"}, "245": {"member": {"C": -1, "N": 1, "CO": 1, "NO": -1}, "info": ["C+NO<=>CO+N                              2.900E+13     .000        .00"], "name": "C+NO=CO+N"}, "244": {"member": {"C": -1, "CN": 1, "O": 1, "NO": -1}, "info": ["C+NO<=>CN+O                              1.900E+13     .000        .00"], "name": "C+NO=CN+O"}, "108": {"member": {"H": 1, "C2H2": -1, "HCCOH": 1, "OH": -1}, "info": ["OH+C2H2<=>H+HCCOH                        5.040E+05    2.300   13500.00"], "name": "OH+C2H2=H+HCCOH"}, "109": {"member": {"C2H": 1, "C2H2": -1, "H2O": 1, "OH": -1}, "info": ["OH+C2H2<=>C2H+H2O                        3.370E+07    2.000   14000.00"], "name": "OH+C2H2=C2H+H2O"}, "241": {"member": {"N2": -1, "CH": -1, "HCNN": 1}, "info": ["CH+N2(+M)<=>HCNN(+M)                     3.100E+12     .150        .00", "LOW  /  1.300E+25   -3.160    740.00/", "TROE/   .6670  235.00  2117.00  4536.00 /", "H2/2.00/ H2O/6.00/ CH4/2.00/ CO/1.50/ CO2/2.00/ C2H6/3.00/ AR/ 1.0/"], "name": "CH+N2=HCNN"}, "240": {"member": {"N2": -1, "CH": -1, "HCN": 1, "N": 1}, "info": ["CH+N2<=>HCN+N                            3.120E+09    0.880   20130.00"], "name": "CH+N2=HCN+N"}, "243": {"member": {"NH": 1, "CH2(S)": -1, "N2": -1, "HCN": 1}, "info": ["CH2(S)+N2<=>NH+HCN                       1.000E+11     .000   65000.00"], "name": "CH2(S)+N2=NH+HCN"}, "242": {"member": {"NH": 1, "CH2": -1, "HCN": 1, "N2": -1}, "info": ["CH2+N2<=>HCN+NH                          1.000E+13     .000   74000.00"], "name": "CH2+N2=HCN+NH"}, "102": {"member": {"CH2O": 1, "CH2OH": -1, "H2O": 1, "OH": -1}, "info": ["OH+CH2OH<=>H2O+CH2O                      5.000E+12     .000        .00"], "name": "OH+CH2OH=H2O+CH2O"}, "103": {"member": {"CH2O": 1, "H2O": 1, "CH3O": -1, "OH": -1}, "info": ["OH+CH3O<=>H2O+CH2O                       5.000E+12     .000        .00"], "name": "OH+CH3O=H2O+CH2O"}, "100": {"member": {"H2O": 1, "CO": 1, "HCO": -1, "OH": -1}, "info": ["OH+HCO<=>H2O+CO                          5.000E+13     .000        .00"], "name": "OH+HCO=H2O+CO"}, "101": {"member": {"CH2O": -1, "H2O": 1, "HCO": 1, "OH": -1}, "info": ["OH+CH2O<=>HCO+H2O                        3.430E+09    1.180    -447.00"], "name": "OH+CH2O=HCO+H2O"}, "106": {"member": {"H": 1, "C2H": -1, "HCCO": 1, "OH": -1}, "info": ["OH+C2H<=>H+HCCO                          2.000E+13     .000        .00"], "name": "OH+C2H=H+HCCO"}, "107": {"member": {"H": 1, "CH2CO": 1, "C2H2": -1, "OH": -1}, "info": ["OH+C2H2<=>H+CH2CO                        2.180E-04    4.500   -1000.00"], "name": "OH+C2H2=H+CH2CO"}, "104": {"member": {"CH3OH": -1, "CH2OH": 1, "H2O": 1, "OH": -1}, "info": ["OH+CH3OH<=>CH2OH+H2O                     1.440E+06    2.000    -840.00"], "name": "OH+CH3OH=CH2OH+H2O"}, "105": {"member": {"CH3OH": -1, "H2O": 1, "CH3O": 1, "OH": -1}, "info": ["OH+CH3OH<=>CH3O+H2O                      6.300E+06    2.000    1500.00"], "name": "OH+CH3OH=CH3O+H2O"}, "39": {"member": {"H2": 1, "H": -2}, "info": ["2H+M<=>H2+M                              1.000E+18   -1.000        .00", "H2/ .00/ H2O/ .00/ CH4/2.00/ CO2/ .00/ C2H6/3.00/ AR/ .63/"], "name": "2H+M=H2+M"}, "38": {"member": {"H": -1, "O2": -1, "O": 1, "OH": 1}, "info": ["H+O2<=>O+OH                              2.650E+16    -.6707  17041.00"], "name": "H+O2=O+OH"}, "33": {"member": {"H": -1, "HO2": 1, "O2": -1}, "info": ["H+O2+M<=>HO2+M                           2.800E+18    -.860        .00", "O2/ .00/ H2O/ .00/ CO/ .75/ CO2/1.50/ C2H6/1.50/ N2/ .00/ AR/ .00/"], "name": "H+O2+M=HO2+M"}, "32": {"member": {"CH2O": -1, "HO2": 1, "O2": -1, "HCO": 1}, "info": ["O2+CH2O<=>HO2+HCO                        1.000E+14     .000   40000.00"], "name": "O2+CH2O=HO2+HCO"}, "31": {"member": {"CO2": 1, "CO": -1, "O2": -1, "O": 1}, "info": ["O2+CO<=>O+CO2                            2.500E+12     .000   47800.00"], "name": "O2+CO=O+CO2"}, "30": {"member": {"CH2CO": -1, "CO2": 1, "CH2": 1, "O": -1}, "info": ["O+CH2CO<=>CH2+CO2                        1.750E+12     .000    1350.00"], "name": "O+CH2CO=CH2+CO2"}, "37": {"member": {"H": -1, "AR": 0, "HO2": 1, "O2": -1}, "info": ["H+O2+AR<=>HO2+AR                         7.000E+17    -.800        .00"], "name": "H+O2+AR=HO2+AR"}, "36": {"member": {"H": -1, "N2": 0, "HO2": 1, "O2": -1}, "info": ["H+O2+N2<=>HO2+N2                         2.600E+19   -1.240        .00"], "name": "H+O2+N2=HO2+N2"}, "35": {"member": {"H": -1, "H2O": 0, "HO2": 1, "O2": -1}, "info": ["H+O2+H2O<=>HO2+H2O                       11.26E+18    -.760        .00"], "name": "H+O2+H2O=HO2+H2O"}, "34": {"member": {"H": -1, "HO2": 1, "O2": -1}, "info": ["H+2O2<=>HO2+O2                           2.080E+19   -1.240        .00"], "name": "H+2O2=HO2+O2"}, "246": {"member": {"CH": -1, "HCN": 1, "O": 1, "NO": -1}, "info": ["CH+NO<=>HCN+O                            4.100E+13     .000        .00"], "name": "CH+NO=HCN+O"}, "310": {"member": {"CH2CHO": -1, "H2O": 1, "CH2CO": 1, "OH": -1}, "info": ["OH+CH2CHO<=>H2O+CH2CO                    1.200E+13     .000       .00"], "name": "OH+CH2CHO=H2O+CH2CO"}, "282": {"member": {"CO2": 1, "N2O": 1, "NO2": -1, "NCO": -1}, "info": ["NCO+NO2<=>N2O+CO2                        3.250E+12     .000    -705.00"], "name": "NCO+NO2=N2O+CO2"}, "252": {"member": {"HNCO": 1, "CH2(S)": -1, "H": 1, "NO": -1}, "info": ["CH2(S)+NO<=>H+HNCO                       3.100E+17   -1.380    1270.00"], "name": "CH2(S)+NO=H+HNCO"}, "205": {"member": {"H": 1, "N2": 1, "NNH": -1}, "info": ["NNH+M<=>N2+H+M                           1.300E+14    -.110    4980.00", "H2/2.00/ H2O/6.00/ CH4/2.00/ CO/1.50/ CO2/2.00/ C2H6/3.00/ AR/ .70/"], "name": "NNH+M=N2+H+M"}, "223": {"member": {"NH": 1, "H": -1, "CO": 1, "NCO": -1}, "info": ["NCO+H<=>NH+CO                            5.400E+13     .000        .00"], "name": "NCO+H=NH+CO"}, "176": {"member": {"OH": 1, "CO": 2, "HCCO": -1, "O2": -1}, "info": ["HCCO+O2<=>OH+2CO                         3.200E+12     .000     854.00"], "name": "HCCO+O2=OH+2CO"}, "60": {"member": {"H2": 1, "H": -1, "CH2O": 1, "CH2OH": -1}, "info": ["H+CH2OH<=>H2+CH2O                        2.000E+13     .000        .00"], "name": "H+CH2OH=H2+CH2O"}, "61": {"member": {"H": -1, "OH": 1, "CH3": 1, "CH2OH": -1}, "info": ["H+CH2OH<=>OH+CH3                         1.650E+11     .650    -284.00"], "name": "H+CH2OH=OH+CH3"}, "62": {"member": {"H": -1, "H2O": 1, "CH2(S)": 1, "CH2OH": -1}, "info": ["H+CH2OH<=>CH2(S)+H2O                     3.280E+13    -.090     610.00"], "name": "H+CH2OH=CH2(S)+H2O"}, "63": {"member": {"CH3OH": 1, "H": -1, "CH3O": -1}, "info": ["H+CH3O(+M)<=>CH3OH(+M)                   2.430E+12     .515      50.00", "LOW  /  4.660E+41   -7.440   14080.0/", "TROE/   .700  100.00  90000.0 10000.00 /", "H2/2.00/ H2O/6.00/ CH4/2.00/ CO/1.50/ CO2/2.00/ C2H6/3.00/"], "name": "H+CH3O=CH3OH"}, "64": {"member": {"H": 0, "CH3O": -1, "CH2OH": 1}, "info": ["H+CH3O<=>H+CH2OH                         4.150E+07    1.630    1924.00"], "name": "H+CH3O=H+CH2OH"}, "65": {"member": {"H2": 1, "H": -1, "CH2O": 1, "CH3O": -1}, "info": ["H+CH3O<=>H2+CH2O                         2.000E+13     .000        .00"], "name": "H+CH3O=H2+CH2O"}, "66": {"member": {"H": -1, "CH3O": -1, "CH3": 1, "OH": 1}, "info": ["H+CH3O<=>OH+CH3                          1.500E+12     .500    -110.00"], "name": "H+CH3O=OH+CH3"}, "67": {"member": {"H": -1, "H2O": 1, "CH3O": -1, "CH2(S)": 1}, "info": ["H+CH3O<=>CH2(S)+H2O                      2.620E+14    -.230    1070.00"], "name": "H+CH3O=CH2(S)+H2O"}, "68": {"member": {"CH3OH": -1, "H": -1, "H2": 1, "CH2OH": 1}, "info": ["H+CH3OH<=>CH2OH+H2                       1.700E+07    2.100    4870.00"], "name": "H+CH3OH=CH2OH+H2"}, "69": {"member": {"CH3OH": -1, "H": -1, "CH3O": 1, "H2": 1}, "info": ["H+CH3OH<=>CH3O+H2                        4.200E+06    2.100    4870.00"], "name": "H+CH3OH=CH3O+H2"}, "175": {"member": {"C2H5": -1, "C2H4": 1, "HO2": 1, "O2": -1}, "info": ["C2H5+O2<=>HO2+C2H4                       8.400E+11     .000    3875.00"], "name": "C2H5+O2=HO2+C2H4"}, "174": {"member": {"H2": 1, "C2H4": -1, "C2H2": 1}, "info": ["C2H4(+M)<=>H2+C2H2(+M)                   8.000E+12     .440   86770.00", "LOW  /  1.580E+51   -9.300  97800.00/", "TROE/   .7345  180.00  1035.00  5417.00 /", "H2/2.00/ H2O/6.00/ CH4/2.00/ CO/1.50/ CO2/2.00/ C2H6/3.00/ AR/ .70/"], "name": "C2H4=H2+C2H2"}, "173": {"member": {"CH2O": 1, "C2H3": -1, "O2": -1, "HCO": 1}, "info": ["C2H3+O2<=>HCO+CH2O                       4.580E+16   -1.390    1015.00"], "name": "C2H3+O2=HCO+CH2O"}, "172": {"member": {"H2": -1, "H": 1, "C2H": -1, "C2H2": 1}, "info": ["C2H+H2<=>H+C2H2                          5.680E+10    0.900    1993.00"], "name": "C2H+H2=H+C2H2"}, "171": {"member": {"C2H": -1, "CO": 1, "O2": -1, "HCO": 1}, "info": ["C2H+O2<=>HCO+CO                          1.000E+13     .000    -755.00"], "name": "C2H+O2=HCO+CO"}, "170": {"member": {"CH2O": 1, "CH3O": -1, "HO2": 1, "O2": -1}, "info": ["CH3O+O2<=>HO2+CH2O                       4.280E-13    7.600   -3530.00"], "name": "CH3O+O2=HO2+CH2O"}, "203": {"member": {"NH": 1, "H2O": 1, "OH": -1, "NH2": -1}, "info": ["NH2+OH<=>NH+H2O                          9.000E+07    1.500    -460.00"], "name": "NH2+OH=NH+H2O"}, "222": {"member": {"NO": 1, "CO": 1, "O": -1, "NCO": -1}, "info": ["NCO+O<=>NO+CO                            2.350E+13     .000        .00"], "name": "NCO+O=NO+CO"}, "181": {"member": {"N2": 1, "N2O": -1, "O2": 1, "O": -1}, "info": ["N2O+O<=>N2+O2                            1.400E+12     .000   10810.00"], "name": "N2O+O=N2+O2"}, "253": {"member": {"CH2(S)": -1, "OH": 1, "HCN": 1, "NO": -1}, "info": ["CH2(S)+NO<=>OH+HCN                       2.900E+14    -.690     760.00"], "name": "CH2(S)+NO=OH+HCN"}, "248": {"member": {"N": 1, "CH": -1, "HCO": 1, "NO": -1}, "info": ["CH+NO<=>N+HCO                            2.460E+13     .000        .00"], "name": "CH+NO=N+HCO"}, "182": {"member": {"N2O": -1, "O": -1, "NO": 2}, "info": ["N2O+O<=>2NO                              2.900E+13     .000   23150.00"], "name": "N2O+O=2NO"}, "183": {"member": {"H": -1, "N2": 1, "N2O": -1, "OH": 1}, "info": ["N2O+H<=>N2+OH                            3.870E+14     .000   18880.00"], "name": "N2O+H=N2+OH"}, "180": {"member": {"NO": 1, "OH": -1, "H": 1, "N": -1}, "info": ["N+OH<=>NO+H                              3.360E+13     .000     385.00"], "name": "N+OH=NO+H"}, "2": {"member": {"H": -1, "O": -1, "OH": 1}, "info": ["O+H+M<=>OH+M                             5.000E+17   -1.000        .00", "H2/2.00/ H2O/6.00/ CH4/2.00/ CO/1.50/ CO2/2.00/ C2H6/3.00/ AR/ .70/"], "name": "O+H+M=OH+M"}, "162": {"member": {"CH3OH": -1, "CH2OH": 1, "CH3": -1, "CH4": 1}, "info": ["CH3+CH3OH<=>CH2OH+CH4                    3.000E+07    1.500    9940.00"], "name": "CH3+CH3OH=CH2OH+CH4"}, "187": {"member": {"NO2": 1, "O": -1, "NO": -1}, "info": ["NO+O+M<=>NO2+M                           1.060E+20   -1.410        .00", "H2/2.00/ H2O/6.00/ CH4/2.00/ CO/1.50/ CO2/2.00/ C2H6/3.00/ AR/ .70/"], "name": "NO+O+M=NO2+M"}, "184": {"member": {"HO2": 1, "N2": 1, "N2O": -1, "OH": -1}, "info": ["N2O+OH<=>N2+HO2                          2.000E+12     .000   21060.00"], "name": "N2O+OH=N2+HO2"}, "6": {"member": {"H": 1, "CH": -1, "CO": 1, "O": -1}, "info": ["O+CH<=>H+CO                              5.700E+13     .000        .00"], "name": "O+CH=H+CO"}, "220": {"member": {"NCO": 1, "CN": -1, "O": 1, "O2": -1}, "info": ["CN+O2<=>NCO+O                            6.140E+12     .000    -440.00"], "name": "CN+O2=NCO+O"}, "186": {"member": {"OH": 1, "HO2": -1, "NO2": 1, "NO": -1}, "info": ["HO2+NO<=>NO2+OH                          2.110E+12     .000    -480.00"], "name": "HO2+NO=NO2+OH"}, "188": {"member": {"O2": 1, "O": -1, "NO2": -1, "NO": 1}, "info": ["NO2+O<=>NO+O2                            3.900E+12     .000    -240.00"], "name": "NO2+O=NO+O2"}, "189": {"member": {"H": -1, "OH": 1, "NO2": -1, "NO": 1}, "info": ["NO2+H<=>NO+OH                            1.320E+14     .000     360.00"], "name": "NO2+H=NO+OH"}, "311": {"member": {"CH2OH": 1, "CH2CHO": -1, "HCO": 1, "OH": -1}, "info": ["OH+CH2CHO<=>HCO+CH2OH                    3.010E+13     .000       .00"], "name": "OH+CH2CHO=HCO+CH2OH"}, "202": {"member": {"NH": 1, "H": -1, "H2": 1, "NH2": -1}, "info": ["NH2+H<=>NH+H2                            4.000E+13     .000    3650.00"], "name": "NH2+H=NH+H2"}, "313": {"member": {"C3H7": 1, "C3H8": -1, "O": -1, "OH": 1}, "info": ["O+C3H8<=>OH+C3H7                         1.930E+05    2.680   3716.00"], "name": "O+C3H8=OH+C3H7"}, "196": {"member": {"NH": -1, "H": 1, "N2": 1, "N": -1}, "info": ["NH+N<=>N2+H                              1.500E+13     .000        .00"], "name": "NH+N=N2+H"}, "221": {"member": {"H2": -1, "H": 1, "HCN": 1, "CN": -1}, "info": ["CN+H2<=>HCN+H                            2.950E+05    2.450    2240.00"], "name": "CN+H2=HCN+H"}, "317": {"member": {"C3H7": 1, "CH3": -1, "CH4": 1, "C3H8": -1}, "info": ["CH3+C3H8<=>C3H7+CH4                      0.903E+00    3.650   7154.00"], "name": "CH3+C3H8=C3H7+CH4"}, "185": {"member": {"N2": 1, "N2O": -1, "O": 1}, "info": ["N2O(+M)<=>N2+O(+M)                       7.910E+10     .000   56020.00", "LOW  /  6.370E+14     .000  56640.00/", "H2/2.00/ H2O/6.00/ CH4/2.00/ CO/1.50/ CO2/2.00/ C2H6/3.00/ AR/ .625/"], "name": "N2O=N2+O"}, "315": {"member": {"C3H7": 1, "H2O": 1, "C3H8": -1, "OH": -1}, "info": ["OH+C3H8<=>C3H7+H2O                       3.160E+07    1.800    934.00"], "name": "OH+C3H8=C3H7+H2O"}, "316": {"member": {"C3H7": -1, "HO2": 1, "H2O2": -1, "C3H8": 1}, "info": ["C3H7+H2O2<=>HO2+C3H8                     3.780E+02    2.720   1500.00"], "name": "C3H7+H2O2=HO2+C3H8"}, "99": {"member": {"H": 1, "CO2": 1, "CO": -1, "OH": -1}, "info": ["OH+CO<=>H+CO2                            4.760E+07    1.228      70.00"], "name": "OH+CO=H+CO2"}, "98": {"member": {"H2O": 1, "CH3": 1, "CH4": -1, "OH": -1}, "info": ["OH+CH4<=>CH3+H2O                         1.000E+08    1.600    3120.00"], "name": "OH+CH4=CH3+H2O"}, "168": {"member": {"CO": 1, "HO2": 1, "HCO": -1, "O2": -1}, "info": ["HCO+O2<=>HO2+CO                          13.45E+12     .000     400.00"], "name": "HCO+O2=HO2+CO"}, "169": {"member": {"CH2O": 1, "CH2OH": -1, "HO2": 1, "O2": -1}, "info": ["CH2OH+O2<=>HO2+CH2O                      1.800E+13     .000     900.00"], "name": "CH2OH+O2=HO2+CH2O"}, "229": {"member": {"N2": 1, "NO": -1, "CO2": 1, "NCO": -1}, "info": ["NCO+NO<=>N2+CO2                          3.800E+18   -2.000     800.00"], "name": "NCO+NO=N2+CO2"}, "228": {"member": {"CO": 1, "NO": -1, "N2O": 1, "NCO": -1}, "info": ["NCO+NO<=>N2O+CO                          1.900E+17   -1.520     740.00"], "name": "NCO+NO=N2O+CO"}, "91": {"member": {"H": 1, "CH": -1, "HCO": 1, "OH": -1}, "info": ["OH+CH<=>H+HCO                            3.000E+13     .000        .00"], "name": "OH+CH=H+HCO"}, "90": {"member": {"H": 1, "C": -1, "CO": 1, "OH": -1}, "info": ["OH+C<=>H+CO                              5.000E+13     .000        .00"], "name": "OH+C=H+CO"}, "93": {"member": {"CH2": -1, "CH": 1, "H2O": 1, "OH": -1}, "info": ["OH+CH2<=>CH+H2O                          1.130E+07    2.000    3000.00"], "name": "OH+CH2=CH+H2O"}, "92": {"member": {"CH2O": 1, "H": 1, "CH2": -1, "OH": -1}, "info": ["OH+CH2<=>H+CH2O                          2.000E+13     .000        .00"], "name": "OH+CH2=H+CH2O"}, "95": {"member": {"CH3OH": 1, "CH3": -1, "OH": -1}, "info": ["OH+CH3(+M)<=>CH3OH(+M)                   2.790E+18   -1.430    1330.00", "LOW  /  4.000E+36   -5.920   3140.00/", "TROE/   .4120  195.0  5900.00  6394.00/", "H2/2.00/ H2O/6.00/ CH4/2.00/ CO/1.50/ CO2/2.00/ C2H6/3.00/"], "name": "OH+CH3=CH3OH"}, "94": {"member": {"CH2O": 1, "CH2(S)": -1, "H": 1, "OH": -1}, "info": ["OH+CH2(S)<=>H+CH2O                       3.000E+13     .000        .00"], "name": "OH+CH2(S)=H+CH2O"}, "97": {"member": {"CH2(S)": 1, "H2O": 1, "CH3": -1, "OH": -1}, "info": ["OH+CH3<=>CH2(S)+H2O                      6.440E+17   -1.340    1417.00"], "name": "OH+CH3=CH2(S)+H2O"}, "96": {"member": {"CH2": 1, "CH3": -1, "H2O": 1, "OH": -1}, "info": ["OH+CH3<=>CH2+H2O                         5.600E+07    1.600    5420.00"], "name": "OH+CH3=CH2+H2O"}, "11": {"member": {"CH3": 1, "CH4": -1, "O": -1, "OH": 1}, "info": ["O+CH4<=>OH+CH3                           1.020E+09    1.500    8600.00"], "name": "O+CH4=OH+CH3"}, "10": {"member": {"CH2O": 1, "H": 1, "CH3": -1, "O": -1}, "info": ["O+CH3<=>H+CH2O                           5.060E+13     .000        .00"], "name": "O+CH3=H+CH2O"}, "13": {"member": {"CO": 1, "HCO": -1, "O": -1, "OH": 1}, "info": ["O+HCO<=>OH+CO                            3.000E+13     .000        .00"], "name": "O+HCO=OH+CO"}, "12": {"member": {"CO2": 1, "CO": -1, "O": -1}, "info": ["O+CO(+M)<=>CO2(+M)                       1.800E+10     .000    2385.00", "LOW/ 6.020E+14     .000    3000.00/", "H2/2.00/ O2/6.00/ H2O/6.00/ CH4/2.00/ CO/1.50/ CO2/3.50/ C2H6/3.00/ AR/ .50/"], "name": "O+CO=CO2"}, "15": {"member": {"CH2O": -1, "HCO": 1, "O": -1, "OH": 1}, "info": ["O+CH2O<=>OH+HCO                          3.900E+13     .000    3540.00"], "name": "O+CH2O=OH+HCO"}, "14": {"member": {"H": 1, "CO2": 1, "HCO": -1, "O": -1}, "info": ["O+HCO<=>H+CO2                            3.000E+13     .000        .00"], "name": "O+HCO=H+CO2"}, "17": {"member": {"CH2O": 1, "CH3O": -1, "O": -1, "OH": 1}, "info": ["O+CH3O<=>OH+CH2O                         1.000E+13     .000        .00"], "name": "O+CH3O=OH+CH2O"}, "16": {"member": {"CH2O": 1, "CH2OH": -1, "O": -1, "OH": 1}, "info": ["O+CH2OH<=>OH+CH2O                        1.000E+13     .000        .00"], "name": "O+CH2OH=OH+CH2O"}, "19": {"member": {"CH3OH": -1, "CH3O": 1, "O": -1, "OH": 1}, "info": ["O+CH3OH<=>OH+CH3O                        1.300E+05    2.500    5000.00"], "name": "O+CH3OH=OH+CH3O"}, "18": {"member": {"CH3OH": -1, "CH2OH": 1, "O": -1, "OH": 1}, "info": ["O+CH3OH<=>OH+CH2OH                       3.880E+05    2.500    3100.00"], "name": "O+CH3OH=OH+CH2OH"}, "314": {"member": {"H2": 1, "H": -1, "C3H8": -1, "C3H7": 1}, "info": ["H+C3H8<=>C3H7+H2                         1.320E+06    2.540   6756.00"], "name": "H+C3H8=C3H7+H2"}, "117": {"member": {"CH2O": 1, "CH2": -1, "HO2": -1, "OH": 1}, "info": ["HO2+CH2<=>OH+CH2O                        2.000E+13     .000        .00"], "name": "HO2+CH2=OH+CH2O"}, "250": {"member": {"CH2": -1, "OH": 1, "HCN": 1, "NO": -1}, "info": ["CH2+NO<=>OH+HCN                          2.900E+14    -.690     760.00"], "name": "CH2+NO=OH+HCN"}, "116": {"member": {"HO2": -2, "O2": 1, "H2O2": 1}, "info": ["2HO2<=>O2+H2O2                           4.200E+14     .000   12000.00", "DUPLICATE"], "name": "2HO2=O2+H2O2"}, "274": {"member": {"CO": 1, "HCCO": -1, "HCNO": 1, "NO": -1}, "info": ["HCCO+NO<=>HCNO+CO                        0.900E+13     .000        .00"], "name": "HCCO+NO=HCNO+CO"}, "204": {"member": {"H": 1, "N2": 1, "NNH": -1}, "info": ["NNH<=>N2+H                               3.300E+08     .000        .00"], "name": "NNH=N2+H"}, "275": {"member": {"H": 1, "CH3": -1, "H2CN": 1, "N": -1}, "info": ["CH3+N<=>H2CN+H                           6.100E+14    -.310     290.00"], "name": "CH3+N=H2CN+H"}, "151": {"member": {"CH2(S)": -1, "CH2": 1, "CO": 0}, "info": ["CH2(S)+CO<=>CH2+CO                       9.000E+12     .000        .00"], "name": "CH2(S)+CO=CH2+CO"}, "150": {"member": {"CH2(S)": -1, "CH3": 2, "CH4": -1}, "info": ["CH2(S)+CH4<=>2CH3                        1.600E+13     .000    -570.00"], "name": "CH2(S)+CH4=2CH3"}, "153": {"member": {"CH2O": 1, "CH2(S)": -1, "CO2": -1, "CO": 1}, "info": ["CH2(S)+CO2<=>CO+CH2O                     1.400E+13     .000        .00"], "name": "CH2(S)+CO2=CO+CH2O"}, "152": {"member": {"CH2(S)": -1, "CH2": 1, "CO2": 0}, "info": ["CH2(S)+CO2<=>CH2+CO2                     7.000E+12     .000        .00"], "name": "CH2(S)+CO2=CH2+CO2"}, "155": {"member": {"CH3O": 1, "CH3": -1, "O2": -1, "O": 1}, "info": ["CH3+O2<=>O+CH3O                          3.560E+13     .000   30480.00"], "name": "CH3+O2=O+CH3O"}, "154": {"member": {"CH2(S)": -1, "C2H5": 1, "CH3": 1, "C2H6": -1}, "info": ["CH2(S)+C2H6<=>CH3+C2H5                   4.000E+13     .000    -550.00"], "name": "CH2(S)+C2H6=CH3+C2H5"}, "157": {"member": {"CH4": 1, "CH3": -1, "HO2": 1, "H2O2": -1}, "info": ["CH3+H2O2<=>HO2+CH4                       2.450E+04    2.470    5180.00"], "name": "CH3+H2O2=HO2+CH4"}, "156": {"member": {"CH2O": 1, "CH3": -1, "O2": -1, "OH": 1}, "info": ["CH3+O2<=>OH+CH2O                         2.310E+12     .000   20315.00"], "name": "CH3+O2=OH+CH2O"}, "159": {"member": {"H": 1, "C2H5": 1, "CH3": -2}, "info": ["2CH3<=>H+C2H5                            6.840E+12     .100   10600.00"], "name": "2CH3=H+C2H5"}, "158": {"member": {"C2H6": 1, "CH3": -2}, "info": ["2CH3(+M)<=>C2H6(+M)                      6.770E+16   -1.180     654.00", "LOW  /  3.400E+41   -7.030   2762.00/", "TROE/   .6190  73.20  1180.00  9999.00 /", "H2/2.00/ H2O/6.00/ CH4/2.00/ CO/1.50/ CO2/2.00/ C2H6/3.00/ AR/ .70/"], "name": "2CH3=C2H6"}, "277": {"member": {"H2": 1, "H": -1, "NH3": -1, "NH2": 1}, "info": ["NH3+H<=>NH2+H2                           5.400E+05    2.400    9915.00"], "name": "NH3+H=NH2+H2"}, "234": {"member": {"HOCN": 1, "H": 1, "HCN": -1, "OH": -1}, "info": ["HCN+OH<=>HOCN+H                          1.100E+06    2.030   13370.00"], "name": "HCN+OH=HOCN+H"}, "322": {"member": {"CH2OH": 1, "C3H7": -1, "C2H5": 1, "OH": -1}, "info": ["OH+C3H7<=>C2H5+CH2OH                     2.410E+13     .000       .00"], "name": "OH+C3H7=C2H5+CH2OH"}, "238": {"member": {"N2": 1, "CH2": 1, "H2CN": -1, "N": -1}, "info": ["H2CN+N<=>N2+CH2                          6.000E+13     .000     400.00"], "name": "H2CN+N=N2+CH2"}, "239": {"member": {"C": -1, "N": 1, "N2": -1, "CN": 1}, "info": ["C+N2<=>CN+N                              6.300E+13     .000   46020.00"], "name": "C+N2=CN+N"}, "279": {"member": {"OH": 1, "O": -1, "NH3": -1, "NH2": 1}, "info": ["NH3+O<=>NH2+OH                           9.400E+06    1.940    6460.00"], "name": "NH3+O=NH2+OH"}, "207": {"member": {"N2": 1, "OH": 1, "O": -1, "NNH": -1}, "info": ["NNH+O<=>OH+N2                            2.500E+13     .000        .00"], "name": "NNH+O=OH+N2"}, "235": {"member": {"HNCO": 1, "H": 1, "HCN": -1, "OH": -1}, "info": ["HCN+OH<=>HNCO+H                          4.400E+03    2.260    6400.00"], "name": "HCN+OH=HNCO+H"}, "236": {"member": {"CO": 1, "NH2": 1, "HCN": -1, "OH": -1}, "info": ["HCN+OH<=>NH2+CO                          1.600E+02    2.560    9000.00"], "name": "HCN+OH=NH2+CO"}, "237": {"member": {"H": -1, "HCN": -1, "H2CN": 1}, "info": ["H+HCN(+M)<=>H2CN(+M)                     3.300E+13     .000        .00", "LOW /  1.400E+26   -3.400    1900.00/", "H2/2.00/ H2O/6.00/ CH4/2.00/ CO/1.50/ CO2/2.00/ C2H6/3.00/ AR/ .70/"], "name": "H+HCN=H2CN"}, "230": {"member": {"H": 1, "HCN": -1, "CN": 1}, "info": ["HCN+M<=>H+CN+M                           1.040E+29   -3.300  126600.00", "H2/2.00/ H2O/6.00/ CH4/2.00/ CO/1.50/ CO2/2.00/ C2H6/3.00/ AR/ .70/"], "name": "HCN+M=H+CN+M"}, "231": {"member": {"H": 1, "HCN": -1, "O": -1, "NCO": 1}, "info": ["HCN+O<=>NCO+H                            2.030E+04    2.640    4980.00"], "name": "HCN+O=NCO+H"}, "232": {"member": {"NH": 1, "CO": 1, "HCN": -1, "O": -1}, "info": ["HCN+O<=>NH+CO                            5.070E+03    2.640    4980.00"], "name": "HCN+O=NH+CO"}, "233": {"member": {"HCN": -1, "CN": 1, "O": -1, "OH": 1}, "info": ["HCN+O<=>CN+OH                            3.910E+09    1.580   26600.00"], "name": "HCN+O=CN+OH"}, "224": {"member": {"NO": 1, "OH": -1, "CO": 1, "H": 1, "NCO": -1}, "info": ["NCO+OH<=>NO+H+CO                         0.250E+13     .000        .00"], "name": "NCO+OH=NO+H+CO"}, "280": {"member": {"NH": -1, "CO2": -1, "CO": 1, "HNO": 1}, "info": ["NH+CO2<=>HNO+CO                          1.000E+13     .000   14350.00"], "name": "NH+CO2=HNO+CO"}, "48": {"member": {"H": -1, "H2O": 1, "H2O2": -1, "OH": 1}, "info": ["H+H2O2<=>OH+H2O                          1.000E+13     .000    3600.00"], "name": "H+H2O2=OH+H2O"}, "49": {"member": {"H2": 1, "H": -1, "C": 1, "CH": -1}, "info": ["H+CH<=>C+H2                              1.650E+14     .000        .00"], "name": "H+CH=C+H2"}, "46": {"member": {"H": -1, "HO2": -1, "OH": 2}, "info": ["H+HO2<=>2OH                              0.840E+14     .000     635.00"], "name": "H+HO2=2OH"}, "47": {"member": {"H2": 1, "H": -1, "HO2": 1, "H2O2": -1}, "info": ["H+H2O2<=>HO2+H2                          1.210E+07    2.000    5200.00"], "name": "H+H2O2=HO2+H2"}, "44": {"member": {"H": -1, "H2O": 1, "HO2": -1, "O": 1}, "info": ["H+HO2<=>O+H2O                            3.970E+12     .000     671.00"], "name": "H+HO2=O+H2O"}, "45": {"member": {"H2": 1, "H": -1, "HO2": -1, "O2": 1}, "info": ["H+HO2<=>O2+H2                            4.480E+13     .000    1068.00"], "name": "H+HO2=O2+H2"}, "42": {"member": {"H2": 1, "H": -2, "CO2": 0}, "info": ["2H+CO2<=>H2+CO2                          5.500E+20   -2.000        .00"], "name": "2H+CO2=H2+CO2"}, "43": {"member": {"H": -1, "H2O": 1, "OH": -1}, "info": ["H+OH+M<=>H2O+M                           2.200E+22   -2.000        .00", "H2/ .73/ H2O/3.65/ CH4/2.00/ C2H6/3.00/ AR/ .38/"], "name": "H+OH+M=H2O+M"}, "40": {"member": {"H2": 1, "H": -2}, "info": ["2H+H2<=>2H2                              9.000E+16    -.600        .00"], "name": "2H+H2=2H2"}, "41": {"member": {"H2": 1, "H": -2, "H2O": 0}, "info": ["2H+H2O<=>H2+H2O                          6.000E+19   -1.250        .00"], "name": "2H+H2O=H2+H2O"}, "1": {"member": {"O2": 1, "O": -2}, "info": ["2O+M<=>O2+M                              1.200E+17   -1.000        .00", "H2/ 2.40/ H2O/15.40/ CH4/ 2.00/ CO/ 1.75/ CO2/ 3.60/ C2H6/ 3.00/ AR/  .83/"], "name": "2O+M=O2+M"}, "323": {"member": {"C3H7": -1, "HO2": -1, "O2": 1, "C3H8": 1}, "info": ["HO2+C3H7<=>O2+C3H8                       2.550E+10    0.255   -943.00"], "name": "HO2+C3H7=O2+C3H8"}, "320": {"member": {"H": -1, "C3H8": 1, "C3H7": -1}, "info": ["H+C3H7(+M)<=>C3H8(+M)                    3.613E+13     .000       .00", "LOW/ 4.420E+61  -13.545  11357.0/", "TROE/ .315  369.0  3285.0  6667.0 /", "H2/2.00/ H2O/6.00/ CH4/2.00/ CO/1.50/ CO2/2.00/ C2H6/3.00/ AR/ .70/"], "name": "H+C3H7=C3H8"}, "321": {"member": {"H": -1, "C2H5": 1, "CH3": 1, "C3H7": -1}, "info": ["H+C3H7<=>CH3+C2H5                        4.060E+06    2.190    890.00"], "name": "H+C3H7=CH3+C2H5"}, "5": {"member": {"HO2": 1, "H2O2": -1, "O": -1, "OH": 1}, "info": ["O+H2O2<=>OH+HO2                          9.630E+06    2.000    4000.00"], "name": "O+H2O2=OH+HO2"}, "324": {"member": {"CH2O": 1, "C3H7": -1, "C2H5": 1, "HO2": -1, "OH": 1}, "info": ["HO2+C3H7=>OH+C2H5+CH2O                   2.410E+13     .000       .00"], "name": "HO2+C3H7=OH+C2H5+CH2O"}, "325": {"member": {"C3H7": -1, "C2H5": 2, "CH3": -1}, "info": ["CH3+C3H7<=>2C2H5                         1.927E+13   -0.320       .00"], "name": "CH3+C3H7=2C2H5"}, "9": {"member": {"CH2(S)": -1, "HCO": 1, "O": -1, "H": 1}, "info": ["O+CH2(S)<=>H+HCO                         1.500E+13     .000        .00"], "name": "O+CH2(S)=H+HCO"}, "272": {"member": {"H": -1, "CO": 1, "HCNO": -1, "NH2": 1}, "info": ["HCNO+H<=>NH2+CO                          1.700E+14    -.750    2890.00"], "name": "HCNO+H=NH2+CO"}, "146": {"member": {"H2": -1, "CH2(S)": -1, "CH3": 1, "H": 1}, "info": ["CH2(S)+H2<=>CH3+H                        7.000E+13     .000        .00"], "name": "CH2(S)+H2=CH3+H"}, "147": {"member": {"CH3OH": 1, "CH2(S)": -1, "H2O": -1}, "info": ["CH2(S)+H2O(+M)<=>CH3OH(+M)               4.820E+17   -1.160    1145.00", "LOW  /  1.880E+38   -6.360   5040.00/", "TROE/   .6027  208.00  3922.00  10180.0 /", "H2/2.00/ H2O/6.00/ CH4/2.00/ CO/1.50/ CO2/2.00/ C2H6/3.00/"], "name": "CH2(S)+H2O=CH3OH"}, "144": {"member": {"CH2(S)": -1, "OH": 1, "CO": 1, "O2": -1, "H": 1}, "info": ["CH2(S)+O2<=>H+OH+CO                      2.800E+13     .000        .00"], "name": "CH2(S)+O2=H+OH+CO"}, "145": {"member": {"CH2(S)": -1, "H2O": 1, "CO": 1, "O2": -1}, "info": ["CH2(S)+O2<=>CO+H2O                       1.200E+13     .000        .00"], "name": "CH2(S)+O2=CO+H2O"}, "142": {"member": {"CH2(S)": -1, "N2": 0, "CH2": 1}, "info": ["CH2(S)+N2<=>CH2+N2                       1.500E+13     .000     600.00"], "name": "CH2(S)+N2=CH2+N2"}, "143": {"member": {"CH2(S)": -1, "CH2": 1, "AR": 0}, "info": ["CH2(S)+AR<=>CH2+AR                       9.000E+12     .000     600.00"], "name": "CH2(S)+AR=CH2+AR"}, "140": {"member": {"CH2": -1, "CO": -1, "CH2CO": 1}, "info": ["CH2+CO(+M)<=>CH2CO(+M)                   8.100E+11     .500    4510.00", "LOW  /  2.690E+33   -5.110   7095.00/", "TROE/   .5907  275.00  1226.00  5185.00 /", "H2/2.00/ H2O/6.00/ CH4/2.00/ CO/1.50/ CO2/2.00/ C2H6/3.00/ AR/ .70/"], "name": "CH2+CO=CH2CO"}, "141": {"member": {"CO": 1, "CH2": -1, "C2H3": 1, "HCCO": -1}, "info": ["CH2+HCCO<=>C2H3+CO                       3.000E+13     .000        .00"], "name": "CH2+HCCO=C2H3+CO"}, "209": {"member": {"H2": 1, "H": -1, "N2": 1, "NNH": -1}, "info": ["NNH+H<=>H2+N2                            5.000E+13     .000        .00"], "name": "NNH+H=H2+N2"}, "208": {"member": {"NH": 1, "NO": 1, "O": -1, "NNH": -1}, "info": ["NNH+O<=>NH+NO                            7.000E+13     .000        .00"], "name": "NNH+O=NH+NO"}, "148": {"member": {"CH2(S)": -1, "H2O": 0, "CH2": 1}, "info": ["CH2(S)+H2O<=>CH2+H2O                     3.000E+13     .000        .00"], "name": "CH2(S)+H2O=CH2+H2O"}, "149": {"member": {"CH2(S)": -1, "CH3": -1, "C2H4": 1, "H": 1}, "info": ["CH2(S)+CH3<=>H+C2H4                      1.200E+13     .000    -570.00"], "name": "CH2(S)+CH3=H+C2H4"}, "77": {"member": {"H2": 1, "H": -1, "C2H5": -1, "C2H4": 1}, "info": ["H+C2H5<=>H2+C2H4                         2.000E+12     .000        .00"], "name": "H+C2H5=H2+C2H4"}, "76": {"member": {"H": -1, "C2H5": -1, "C2H6": 1}, "info": ["H+C2H5(+M)<=>C2H6(+M)                    5.210E+17    -.990    1580.00", "LOW  /  1.990E+41   -7.080   6685.00/", "TROE/   .8422  125.00  2219.00  6882.00 /", "H2/2.00/ H2O/6.00/ CH4/2.00/ CO/1.50/ CO2/2.00/ C2H6/3.00/ AR/ .70/"], "name": "H+C2H5=C2H6"}, "75": {"member": {"H2": 1, "H": -1, "C2H4": -1, "C2H3": 1}, "info": ["H+C2H4<=>C2H3+H2                         1.325E+06    2.530   12240.00"], "name": "H+C2H4=C2H3+H2"}, "74": {"member": {"H": -1, "C2H5": 1, "C2H4": -1}, "info": ["H+C2H4(+M)<=>C2H5(+M)                    0.540E+12     .454    1820.00", "LOW  /  0.600E+42   -7.620   6970.00/", "TROE/   .9753  210.00   984.00  4374.00 /", "H2/2.00/ H2O/6.00/ CH4/2.00/ CO/1.50/ CO2/2.00/ C2H6/3.00/ AR/ .70/"], "name": "H+C2H4=C2H5"}, "73": {"member": {"H2": 1, "H": -1, "C2H3": -1, "C2H2": 1}, "info": ["H+C2H3<=>H2+C2H2                         3.000E+13     .000        .00"], "name": "H+C2H3=H2+C2H2"}, "72": {"member": {"H": -1, "C2H4": 1, "C2H3": -1}, "info": ["H+C2H3(+M)<=>C2H4(+M)                    6.080E+12     .270     280.00", "LOW  /  1.400E+30   -3.860   3320.00/", "TROE/   .7820  207.50  2663.00  6095.00 /", "H2/2.00/ H2O/6.00/ CH4/2.00/ CO/1.50/ CO2/2.00/ C2H6/3.00/ AR/ .70/"], "name": "H+C2H3=C2H4"}, "71": {"member": {"H": -1, "C2H3": 1, "C2H2": -1}, "info": ["H+C2H2(+M)<=>C2H3(+M)                    5.600E+12     .000    2400.00", "LOW  /  3.800E+40   -7.270   7220.00/", "TROE/   .7507   98.50  1302.00  4167.00 /", "H2/2.00/ H2O/6.00/ CH4/2.00/ CO/1.50/ CO2/2.00/ C2H6/3.00/ AR/ .70/"], "name": "H+C2H2=C2H3"}, "70": {"member": {"H": -1, "C2H": -1, "C2H2": 1}, "info": ["H+C2H(+M)<=>C2H2(+M)                     1.000E+17   -1.000        .00", "LOW  /  3.750E+33   -4.800   1900.00/", "TROE/   .6464  132.00  1315.00  5566.00 /", "H2/2.00/ H2O/6.00/ CH4/2.00/ CO/1.50/ CO2/2.00/ C2H6/3.00/ AR/ .70/"], "name": "H+C2H=C2H2"}, "278": {"member": {"H2O": 1, "NH2": 1, "NH3": -1, "OH": -1}, "info": ["NH3+OH<=>NH2+H2O                         5.000E+07    1.600     955.00"], "name": "NH3+OH=NH2+H2O"}, "79": {"member": {"H": -1, "CO": 1, "HCCO": -1, "CH2(S)": 1}, "info": ["H+HCCO<=>CH2(S)+CO                       1.000E+14     .000        .00"], "name": "H+HCCO=CH2(S)+CO"}, "78": {"member": {"H2": 1, "H": -1, "C2H5": 1, "C2H6": -1}, "info": ["H+C2H6<=>C2H5+H2                         1.150E+08    1.900    7530.00"], "name": "H+C2H6=C2H5+H2"}, "263": {"member": {"HNCO": -1, "CO": 1, "HNO": 1, "O": -1}, "info": ["HNCO+O<=>HNO+CO                          1.500E+08    1.570   44000.00"], "name": "HNCO+O=HNO+CO"}, "249": {"member": {"HNCO": 1, "H": 1, "CH2": -1, "NO": -1}, "info": ["CH2+NO<=>H+HNCO                          3.100E+17   -1.380    1270.00"], "name": "CH2+NO=H+HNCO"}, "262": {"member": {"HNCO": -1, "NH": 1, "CO2": 1, "O": -1}, "info": ["HNCO+O<=>NH+CO2                          9.800E+07    1.410    8500.00"], "name": "HNCO+O=NH+CO2"}, "227": {"member": {"N": 1, "CO": 1, "NCO": -1}, "info": ["NCO+M<=>N+CO+M                           3.100E+14     .000   54050.00", "H2/2.00/ H2O/6.00/ CH4/2.00/ CO/1.50/ CO2/2.00/ C2H6/3.00/ AR/ .70/"], "name": "NCO+M=N+CO+M"}, "261": {"member": {"H": -1, "CH2": 1, "N2": 1, "HCNN": -1}, "info": ["HCNN+H<=>CH2+N2                          1.000E+14     .000        .00"], "name": "HCNN+H=CH2+N2"}, "270": {"member": {"HNCO": 1, "H": 0, "HCNO": -1}, "info": ["HCNO+H<=>H+HNCO                          2.100E+15    -.690    2850.00"], "name": "HCNO+H=H+HNCO"}, "260": {"member": {"H": 1, "N2": 1, "OH": -1, "HCO": 1, "HCNN": -1}, "info": ["HCNN+OH<=>H+HCO+N2                       1.200E+13     .000        .00"], "name": "HCNN+OH=H+HCO+N2"}, "276": {"member": {"H2": 1, "CH3": -1, "HCN": 1, "N": -1}, "info": ["CH3+N<=>HCN+H2                           3.700E+12     .150     -90.00"], "name": "CH3+N=HCN+H2"}, "267": {"member": {"HNCO": -1, "H2O": 1, "NCO": 1, "OH": -1}, "info": ["HNCO+OH<=>NCO+H2O                        3.300E+07    1.500    3600.00"], "name": "HNCO+OH=NCO+H2O"}, "266": {"member": {"HNCO": -1, "H": -1, "H2": 1, "NCO": 1}, "info": ["HNCO+H<=>H2+NCO                          1.050E+05    2.500   13300.00"], "name": "HNCO+H=H2+NCO"}}, "n_element": 5, "n_reaction": 325, "element": {"H": {"id": 2}, "C": {"id": 3}, "AR": {"id": 5}, "O": {"id": 1}, "N": {"id": 4}}, "n_species": 53, "species_id2name": {"42": "H2CN", "48": "N2", "43": "HCNN", "49": "AR", "52": "CH2CHO", "53": "CH3CHO", "24": "C2H3", "25": "C2H4", "26": "C2H5", "27": "C2H6", "20": "CH3O", "21": "CH3OH", "22": "C2H", "23": "C2H2", "46": "HNCO", "47": "NCO", "44": "HCNO", "45": "HOCN", "28": "HCCO", "29": "CH2CO", "40": "CN", "41": "HCN", "1": "H2", "3": "O", "2": "H", "5": "OH", "4": "O2", "7": "HO2", "6": "H2O", "9": "C", "8": "H2O2", "51": "C3H8", "39": "HNO", "38": "N2O", "11": "CH2", "10": "CH", "13": "CH3", "12": "CH2(S)", "15": "CO", "14": "CH4", "17": "HCO", "16": "CO2", "19": "CH2OH", "18": "CH2O", "31": "N", "30": "HCCOH", "37": "NO2", "36": "NO", "35": "NNH", "34": "NH3", "33": "NH2", "32": "NH", "50": "C3H7"}, "species": {"C3H7": {"member": {}, "id": 50}, "HNCO": {"member": {}, "id": 46}, "CH2(S)": {"member": {}, "id": 12}, "N2": {"member": {}, "id": 48}, "HNO": {"member": {}, "id": 39}, "CH3OH": {"member": {}, "id": 21}, "HOCN": {"member": {}, "id": 45}, "HCNO": {"member": {}, "id": 44}, "HCNN": {"member": {}, "id": 43}, "CH2O": {"member": {}, "id": 18}, "CH2OH": {"member": {}, "id": 19}, "O2": {"member": {}, "id": 4}, "NO2": {"member": {}, "id": 37}, "NH": {"member": {}, "id": 32}, "CH2CHO": {"member": {}, "id": 52}, "C2H4": {"member": {}, "id": 25}, "H2O2": {"member": {}, "id": 8}, "HCCOH": {"member": {}, "id": 30}, "NNH": {"member": {}, "id": 35}, "HCN": {"member": {}, "id": 41}, "N2O": {"member": {}, "id": 38}, "C2H2": {"member": {}, "id": 23}, "CH2": {"member": {}, "id": 11}, "CH3": {"member": {}, "id": 13}, "HO2": {"member": {}, "id": 7}, "CH4": {"member": {}, "id": 14}, "C2H": {"member": {}, "id": 22}, "HCCO": {"member": {}, "id": 28}, "C": {"member": {}, "id": 9}, "CH": {"member": {}, "id": 10}, "CO": {"member": {}, "id": 15}, "CN": {"member": {}, "id": 40}, "H": {"member": {}, "id": 2}, "O": {"member": {}, "id": 3}, "N": {"member": {}, "id": 31}, "AR": {"member": {}, "id": 49}, "C3H8": {"member": {}, "id": 51}, "NH3": {"member": {}, "id": 34}, "NH2": {"member": {}, "id": 33}, "CH3CHO": {"member": {}, "id": 53}, "C2H6": {"member": {}, "id": 27}, "C2H5": {"member": {}, "id": 26}, "CH3O": {"member": {}, "id": 20}, "C2H3": {"member": {}, "id": 24}, "HCO": {"member": {}, "id": 17}, "CO2": {"member": {}, "id": 16}, "OH": {"member": {}, "id": 5}, "H2": {"member": {}, "id": 1}, "NO": {"member": {}, "id": 36}, "H2O": {"member": {}, "id": 6}, "NCO": {"member": {}, "id": 47}, "CH2CO": {"member": {}, "id": 29}, "H2CN": {"member": {}, "id": 42}}}