Distance_(cm),O3 ROP GasRxn Total_(mole/cm3-sec),O3 ROP GasRxn#785_(mole/cm3-sec),O3 ROP GasRxn#786_(mole/cm3-sec),O3 ROP GasRxn#787_(mole/cm3-sec),O3 ROP GasRxn#791_(mole/cm3-sec),O3 ROP GasRxn#793_(mole/cm3-sec),O3 ROP GasRxn#797_(mole/cm3-sec),O3 ROP GasRxn#800_(mole/cm3-sec),O3 ROP GasRxn#801_(mole/cm3-sec),O3 ROP GasRxn#802_(mole/cm3-sec),O3 ROP GasRxn#803_(mole/cm3-sec)
       0.0000000000000000,  -5.185396000000000E-006,  -1.344554000000000E-013,       0.0000000000000000,  -1.182106000000000E-013,  -2.227004000000000E-014,       0.0000000000000000,       0.0000000000000000,  -1.296349000000000E-006,  -1.296349000000000E-006,  -1.296349000000000E-006,  -1.296349000000000E-006
      0.02411094000000000,  -9.758254000000000E-006,  -1.365649000000000E-013,   2.198279000000000E-008,  -1.200307000000000E-013,  -2.261469000000000E-014,  -1.550850000000000E-006,  -4.030979000000000E-007,  -1.299724000000000E-006,  -1.299724000000000E-006,  -1.299724000000000E-006,  -1.299724000000000E-006
       0.2491330000000000,  -1.144601000000000E-005,  -1.630740000000000E-013,   2.221022000000000E-008,  -1.428532000000000E-013,  -2.693790000000000E-014,  -1.607530000000000E-006,  -1.809354000000000E-006,  -1.338949000000000E-006,  -1.338949000000000E-006,  -1.338949000000000E-006,  -1.338949000000000E-006
       0.3000000000000000,  -1.150848000000000E-005,  -1.701786000000000E-013,   2.202656000000000E-008,  -1.489571000000000E-013,  -2.809498000000000E-014,  -1.621608000000000E-006,  -1.849339000000000E-006,  -1.348566000000000E-006,  -1.348566000000000E-006,  -1.348566000000000E-006,  -1.348566000000000E-006
       0.6000000000000000,  -1.180838000000000E-005,  -2.201817000000000E-013,   2.109865000000000E-008,  -1.917916000000000E-013,  -3.622213000000000E-014,  -1.709077000000000E-006,  -1.978904000000000E-006,  -1.408103000000000E-006,  -1.408103000000000E-006,  -1.408103000000000E-006,  -1.408103000000000E-006
       0.9000000000000000,  -1.216114000000000E-005,  -2.875743000000000E-013,   2.043799000000000E-008,  -2.492386000000000E-013,  -4.713752000000000E-014,  -1.804144000000000E-006,  -2.091660000000000E-006,  -1.472475000000000E-006,  -1.472475000000000E-006,  -1.472475000000000E-006,  -1.472475000000000E-006
        1.200000000000000,  -1.257253000000000E-005,  -3.791530000000000E-013,   1.996366000000000E-008,  -3.269047000000000E-013,  -6.191579000000000E-014,  -1.907456000000000E-006,  -2.203671000000000E-006,  -1.542049000000000E-006,  -1.542049000000000E-006,  -1.542049000000000E-006,  -1.542049000000000E-006
        1.500000000000000,  -1.303890000000000E-005,  -5.047305000000000E-013,   1.962190000000000E-008,  -4.328423000000000E-013,  -8.210219999999999E-014,  -2.019810000000000E-006,  -2.317070000000000E-006,  -1.617286000000000E-006,  -1.617286000000000E-006,  -1.617286000000000E-006,  -1.617286000000000E-006
        1.800000000000000,  -1.355940000000000E-005,  -6.785856000000000E-013,   1.937833000000000E-008,  -5.787056000000001E-013,  -1.099356000000000E-013,  -2.142119000000000E-006,  -2.433290000000000E-006,  -1.698716000000000E-006,  -1.698716000000000E-006,  -1.698716000000000E-006,  -1.698716000000000E-006
        2.100000000000000,  -1.413548000000000E-005,  -9.217120999999999E-013,   1.921059000000000E-008,  -7.815333000000000E-013,  -1.486925000000000E-013,  -2.275423000000000E-006,  -2.553544000000000E-006,  -1.786941000000000E-006,  -1.786941000000000E-006,  -1.786941000000000E-006,  -1.786941000000000E-006
        2.400000000000000,  -1.476946000000000E-005,  -1.265314000000000E-012,   1.910158000000000E-008,  -1.066504000000000E-012,  -2.032197000000000E-013,  -2.420901000000000E-006,  -2.678827000000000E-006,  -1.882646000000000E-006,  -1.882646000000000E-006,  -1.882646000000000E-006,  -1.882646000000000E-006
        2.700000000000000,  -1.546510000000000E-005,  -1.756299000000000E-012,   1.903925000000000E-008,  -1.471239000000000E-012,  -2.807655000000000E-013,  -2.579884000000000E-006,  -2.810075000000000E-006,  -1.986603000000000E-006,  -1.986603000000000E-006,  -1.986603000000000E-006,  -1.986603000000000E-006
        3.000000000000000,  -1.622678000000000E-005,  -2.466010000000000E-012,   1.901326000000000E-008,  -2.052602000000000E-012,  -3.922946000000000E-013,  -2.753871000000000E-006,  -2.948145000000000E-006,  -2.099679000000000E-006,  -2.099679000000000E-006,  -2.099679000000000E-006,  -2.099679000000000E-006
        3.300000000000000,  -1.705974000000000E-005,  -3.504284000000000E-012,   1.901553000000000E-008,  -2.897575000000000E-012,  -5.545909000000000E-013,  -2.944554000000000E-006,  -3.093915000000000E-006,  -2.222848000000000E-006,  -2.222848000000000E-006,  -2.222848000000000E-006,  -2.222848000000000E-006
        3.600000000000000,  -1.797203000000000E-005,  -5.042381000000000E-012,   1.904185000000000E-008,  -4.140874000000000E-012,  -7.936647000000000E-013,  -3.153786000000000E-006,  -3.248056000000000E-006,  -2.357202000000000E-006,  -2.357202000000000E-006,  -2.357202000000000E-006,  -2.357202000000000E-006
        3.900000000000000,  -1.896846000000000E-005,  -7.350833000000000E-012,   1.908215000000000E-008,  -5.993832000000000E-012,  -1.150336000000000E-012,  -3.383720000000000E-006,  -3.411521000000000E-006,  -2.503963000000000E-006,  -2.503963000000000E-006,  -2.503963000000000E-006,  -2.503963000000000E-006
        4.200000000000000,  -2.005857000000000E-005,  -1.086266000000000E-011,   1.913249000000000E-008,  -8.792280000000001E-012,  -1.689489000000000E-012,  -3.636674000000000E-006,  -3.585143000000000E-006,  -2.664490000000000E-006,  -2.664490000000000E-006,  -2.664490000000000E-006,  -2.664490000000000E-006
        4.500000000000000,  -2.125112000000000E-005,  -1.628065000000000E-011,   1.918695000000000E-008,  -1.307720000000000E-011,  -2.515651000000000E-012,  -3.915259000000000E-006,  -3.769677000000000E-006,  -2.840290000000000E-006,  -2.840290000000000E-006,  -2.840290000000000E-006,  -2.840290000000000E-006
        4.800000000000000,  -2.255598000000000E-005,  -2.476121000000000E-011,   1.923968000000000E-008,  -1.973187000000000E-011,  -3.799445000000000E-012,  -4.222336000000000E-006,  -3.965914000000000E-006,  -3.033023000000000E-006,  -3.033023000000000E-006,  -3.033023000000000E-006,  -3.033023000000000E-006
        5.100000000000000,  -2.398398000000000E-005,  -3.823508000000000E-011,   1.928473000000000E-008,  -3.021914000000000E-011,  -5.823316000000000E-012,  -4.561019000000000E-006,  -4.174625000000000E-006,  -3.244515000000000E-006,  -3.244515000000000E-006,  -3.244515000000000E-006,  -3.244515000000000E-006
        5.400000000000000,  -2.554662000000000E-005,  -5.997252000000000E-011,   1.931604000000000E-008,  -4.699609000000000E-011,  -9.061258000000000E-012,  -4.934666000000000E-006,  -4.396523000000000E-006,  -3.476745000000000E-006,  -3.476745000000000E-006,  -3.476745000000000E-006,  -3.476745000000000E-006
        5.700000000000000,  -2.725651000000000E-005,  -9.559295000000000E-011,   1.932702000000000E-008,  -7.424818000000000E-011,  -1.431966000000000E-011,  -5.346929000000000E-006,  -4.632191000000000E-006,  -3.731839000000000E-006,  -3.731839000000000E-006,  -3.731839000000000E-006,  -3.731839000000000E-006
        6.000000000000000,  -2.912597000000000E-005,  -1.548910000000000E-010,   1.931130000000000E-008,  -1.192048000000000E-010,  -2.298891000000000E-011,  -5.801432000000000E-006,  -4.882152000000000E-006,  -4.012027000000000E-006,  -4.012027000000000E-006,  -4.012027000000000E-006,  -4.012027000000000E-006
        6.300000000000000,  -3.116783000000000E-005,  -2.551786000000000E-010,   1.926218000000000E-008,  -1.945243000000000E-010,  -3.749778000000000E-011,  -6.301907000000000E-006,  -5.146727000000000E-006,  -4.319603000000000E-006,  -4.319603000000000E-006,  -4.319603000000000E-006,  -4.319603000000000E-006
        6.600000000000000,  -3.339433000000000E-005,  -4.274671000000000E-010,   1.917363000000000E-008,  -3.226613000000000E-010,  -6.214151000000000E-011,  -6.851956000000000E-006,  -5.426007000000000E-006,  -4.656839000000000E-006,  -4.656839000000000E-006,  -4.656839000000000E-006,  -4.656839000000000E-006
        6.900000000000000,  -3.581654000000000E-005,  -7.280104000000000E-010,   1.904082000000000E-008,  -5.439366000000000E-010,  -1.046032000000000E-010,  -7.454926000000000E-006,  -5.719806000000000E-006,  -5.025874000000000E-006,  -5.025874000000000E-006,  -5.025874000000000E-006,  -5.025874000000000E-006
        7.200000000000000,  -3.844338000000000E-005,  -1.260016000000000E-009,   1.885911000000000E-008,  -9.315511999999999E-010,  -1.787638000000000E-010,  -8.113317000000001E-006,  -6.027538000000000E-006,  -5.428546000000000E-006,  -5.428546000000000E-006,  -5.428546000000000E-006,  -5.428546000000000E-006
        7.500000000000000,  -4.127938000000000E-005,  -2.214683000000000E-009,   1.862896000000000E-008,  -1.619645000000000E-009,  -3.099080000000000E-010,  -8.828382000000001E-006,  -6.348138000000000E-006,  -5.866174000000000E-006,  -5.866174000000000E-006,  -5.866174000000000E-006,  -5.866174000000000E-006
        7.800000000000000,  -4.432459000000000E-005,  -3.948981000000000E-009,   1.835346000000000E-008,  -2.855847000000000E-009,  -5.443712000000000E-010,  -9.599718999999999E-006,  -6.679851000000000E-006,  -6.339287000000000E-006,  -6.339287000000000E-006,  -6.339287000000000E-006,  -6.339287000000000E-006
        8.100000000000000,  -4.757221000000000E-005,  -7.132899000000000E-009,   1.804203000000000E-008,  -5.099545000000000E-009,  -9.673459999999999E-010,  -1.042478000000000E-005,  -7.020138000000000E-006,  -6.847293000000000E-006,  -6.847293000000000E-006,  -6.847293000000000E-006,  -6.847293000000000E-006
        8.400000000000000,  -5.100570000000000E-005,  -1.302613000000000E-008,   1.771820000000000E-008,  -9.204157000000000E-009,  -1.735388000000000E-009,  -1.129819000000000E-005,  -7.365522000000000E-006,  -7.388066000000000E-006,  -7.388066000000000E-006,  -7.388066000000000E-006,  -7.388066000000000E-006
        8.699999999999999,  -5.459906000000000E-005,  -2.399302000000000E-008,   1.741866000000000E-008,  -1.675182000000000E-008,  -3.134957000000000E-009,  -1.221044000000000E-005,  -7.711356000000000E-006,  -7.957555000000000E-006,  -7.957555000000000E-006,  -7.957555000000000E-006,  -7.957555000000000E-006
        9.000000000000000,  -5.831587000000000E-005,  -4.444469000000000E-008,   1.720791000000000E-008,  -3.065720000000000E-008,  -5.685531000000000E-009,  -1.314798000000000E-005,  -8.051983000000000E-006,  -8.549430000000000E-006,  -8.549430000000000E-006,  -8.549430000000000E-006,  -8.549430000000000E-006
        9.300000000000001,  -6.211311000000000E-005,  -8.252467000000000E-008,   1.718557000000000E-008,  -5.623212000000000E-008,  -1.031613000000000E-008,  -1.409297000000000E-005,  -8.381053999999999E-006,  -9.154832000000000E-006,  -9.154832000000000E-006,  -9.154832000000000E-006,  -9.154832000000000E-006
        9.600000000000000,  -6.594828000000001E-005,  -1.530424000000000E-007,   1.750102000000000E-008,  -1.030104000000000E-007,  -1.865702000000000E-008,  -1.502357000000000E-005,  -8.692347000000000E-006,  -9.762333000000000E-006,  -9.762333000000000E-006,  -9.762333000000000E-006,  -9.762333000000000E-006
        9.900000000000000,  -6.979201000000000E-005,  -2.824185000000000E-007,   1.836759000000000E-008,  -1.877763000000000E-007,  -3.350209000000000E-008,  -1.591455000000000E-005,  -8.981113999999999E-006,  -1.035814000000000E-005,  -1.035814000000000E-005,  -1.035814000000000E-005,  -1.035814000000000E-005
        10.20000000000000,  -7.364952000000000E-005,  -5.167705000000000E-007,   2.008534000000000E-008,  -3.394389000000000E-007,  -5.951193000000000E-008,  -1.673932000000000E-005,  -9.246129000000001E-006,  -1.092665000000000E-005,  -1.092665000000000E-005,  -1.092665000000000E-005,  -1.092665000000000E-005
        10.50000000000000,  -7.759425000000001E-005,  -9.348881000000000E-007,   2.305427000000000E-008,  -6.067372000000000E-007,  -1.042517000000000E-007,  -1.747264000000000E-005,  -9.492028999999999E-006,  -1.145120000000000E-005,  -1.145120000000000E-005,  -1.145120000000000E-005,  -1.145120000000000E-005
        10.80000000000000,  -8.181051000000000E-005,  -1.669107000000000E-006,   2.778890000000000E-008,  -1.070475000000000E-006,  -1.797153000000000E-007,  -1.809282000000000E-005,  -9.731533000000000E-006,  -1.191483000000000E-005,  -1.191483000000000E-005,  -1.191483000000000E-005,  -1.191483000000000E-005
        11.10000000000000,  -8.666084000000001E-005,  -2.940149000000000E-006,   3.495877000000000E-008,  -1.863747000000000E-006,  -3.046520000000000E-007,  -1.858616000000000E-005,  -9.987579999999999E-006,  -1.230060000000000E-005,  -1.230060000000000E-005,  -1.230060000000000E-005,  -1.230060000000000E-005
        11.40000000000000,  -9.279203000000000E-005,  -5.120506000000000E-006,   4.539301000000000E-008,  -3.208538000000000E-006,  -5.085049000000000E-007,  -1.895096000000000E-005,  -1.029377000000000E-005,  -1.259104000000000E-005,  -1.259104000000000E-005,  -1.259104000000000E-005,  -1.259104000000000E-005
        11.70000000000000,   -0.0001013484000000000,  -8.863654000000000E-006,   6.025233000000000E-008,  -5.490119000000000E-006,  -8.389867000000000E-007,  -1.920713000000000E-005,  -1.069338000000000E-005,  -1.276564000000000E-005,  -1.276564000000000E-005,  -1.276564000000000E-005,  -1.276564000000000E-005
        12.00000000000000,   -0.0001144624000000000,  -1.540328000000000E-005,   8.124236000000000E-008,  -9.428711000000000E-006,  -1.378560000000000E-006,  -1.942004000000000E-005,  -1.123419000000000E-005,  -1.279479000000000E-005,  -1.279479000000000E-005,  -1.279479000000000E-005,  -1.279479000000000E-005
        12.30000000000000,   -0.0001365772000000000,  -2.734733000000000E-005,   1.112497000000000E-007,  -1.653236000000000E-005,  -2.284241000000000E-006,  -1.977397000000000E-005,  -1.195362000000000E-005,  -1.262487000000000E-005,  -1.262487000000000E-005,  -1.262487000000000E-005,  -1.262487000000000E-005
        12.60000000000000,   -0.0001786780000000000,  -5.119831000000000E-005,   1.558664000000000E-007,  -3.052169000000000E-005,  -3.895737000000000E-006,  -2.085204000000000E-005,  -1.282970000000000E-005,  -1.213832000000000E-005,  -1.213832000000000E-005,  -1.213832000000000E-005,  -1.213832000000000E-005
        12.90000000000000,   -0.0002753196000000000,   -0.0001075340000000000,   2.272230000000000E-007,  -6.300700000000000E-005,  -7.051355000000000E-006,  -2.497364000000000E-005,  -1.355103000000000E-005,  -1.101851000000000E-005,  -1.101851000000000E-005,  -1.101851000000000E-005,  -1.101851000000000E-005
        13.20000000000000,   -0.0005702624000000000,   -0.0002838251000000000,   3.443867000000000E-007,   -0.0001620876000000000,  -1.326064000000000E-005,  -4.427413000000000E-005,  -1.211393000000000E-005,  -8.156486000000001E-006,  -8.156486000000001E-006,  -8.156486000000001E-006,  -8.156486000000001E-006
        13.50000000000000,   -0.0006622849000000001,   -0.0003943183000000000,   2.140850000000000E-007,   -0.0002164940000000000,  -3.507452000000000E-006,  -3.396919000000000E-005,  -2.045360000000000E-006,  -1.430467000000000E-006,  -1.430467000000000E-006,  -1.430467000000000E-006,  -1.430467000000000E-006
        13.58839000000000,   -0.0002545152000000000,   -0.0001580148000000000,   8.433675000000000E-008,  -8.622681000000000E-005,  -4.025521000000000E-007,  -6.916800000000000E-006,  -4.435029000000000E-007,  -3.937721000000000E-007,  -3.937721000000000E-007,  -3.937721000000000E-007,  -3.937721000000000E-007
        13.69729000000000,  -4.401932000000000E-005,  -2.791876000000000E-005,   2.279754000000000E-008,  -1.519178000000000E-005,  -1.045522000000000E-008,  -5.854470000000000E-007,  -4.746745000000000E-008,  -5.651647000000000E-008,  -5.651647000000000E-008,  -5.651647000000000E-008,  -5.651647000000000E-008
        13.80000000000000,  -6.293771000000000E-006,  -4.013741000000000E-006,   1.333634000000000E-008,  -2.181376000000000E-006,  -1.943109000000000E-010,  -7.354473000000000E-008,  -5.572136000000000E-009,  -7.202655000000000E-009,  -7.202655000000000E-009,  -7.202655000000000E-009,  -7.202655000000000E-009
        13.91029000000000,  -6.079214000000000E-007,  -3.979513000000000E-007,   1.462036000000000E-008,  -2.160301000000000E-007,  -1.700723000000000E-012,  -8.360702000000001E-009,  -5.060293000000000E-010,  -6.248525000000000E-010,  -6.248525000000000E-010,  -6.248525000000000E-010,  -6.248525000000000E-010
        14.10000000000000,  -3.491462000000000E-009,  -2.094546000000000E-008,   2.362180000000000E-008,  -1.134192000000000E-008,  -3.615618000000000E-015,  -6.329823000000000E-010,  -2.284912000000000E-011,  -2.404206000000000E-011,  -2.404206000000000E-011,  -2.404206000000000E-011,  -2.404206000000000E-011
        14.37019000000000,   1.496382000000000E-009,  -5.381980000000000E-008,   6.811247000000001E-008,  -2.898910000000000E-008,  -1.164045000000000E-014,  -3.136935000000000E-009,  -3.225161000000000E-011,  -2.435394000000000E-011,  -2.435394000000000E-011,  -2.435394000000000E-011,  -2.435394000000000E-011
        14.40000000000000,   1.255731000000000E-009,  -6.324164000000000E-008,   7.934715000000000E-008,  -3.405016000000000E-008,  -1.414277000000000E-014,  -3.963532000000000E-009,  -3.283791000000000E-011,  -2.382013000000000E-011,  -2.382013000000000E-011,  -2.382013000000000E-011,  -2.382013000000000E-011
        14.53272000000000,   5.677484000000000E-009,  -1.658010000000000E-007,   2.035459000000000E-007,  -8.966801000000000E-008,  -4.411060000000000E-014,  -1.550348000000000E-008,  -3.102795000000000E-011,  -1.587452000000000E-011,  -1.587452000000000E-011,  -1.587452000000000E-011,  -1.587452000000000E-011
        14.58592000000000,   3.582023000000000E-008,  -4.494527000000000E-007,   5.614634000000001E-007,  -2.459571000000000E-007,  -1.824391000000000E-013,  -6.566931000000000E-008,  -2.471682000000000E-011,  -8.469857000000001E-012,  -8.469857000000001E-012,  -8.469857000000001E-012,  -8.469857000000001E-012
        14.60226000000000,   1.129829000000000E-007,  -8.299507000000000E-007,   1.075916000000000E-006,  -4.580001000000000E-007,  -4.974639000000000E-013,  -1.501526000000000E-007,  -1.389437000000000E-011,  -4.430483000000000E-012,  -4.430483000000000E-012,  -4.430483000000000E-012,  -4.430483000000000E-012
        14.61470000000000,   2.719132000000000E-007,  -1.601036000000000E-006,   2.138074000000000E-006,  -8.921842000000000E-007,  -1.628113000000000E-012,  -3.613486000000000E-007,  -4.926747000000000E-012,  -1.171826000000000E-012,  -1.171826000000000E-012,  -1.171826000000000E-012,  -1.171826000000000E-012
        14.63638000000000,   3.057667000000000E-007,  -3.916376000000000E-006,   5.654955000000000E-006,  -2.223605000000000E-006,  -9.299393000000000E-012,  -2.052195000000000E-006,  -1.194731000000000E-012,  -6.454245000000000E-016,  -6.454245000000000E-016,  -6.454245000000000E-016,  -6.454245000000000E-016
        14.65588000000000,   1.263288000000000E-007,  -5.380711000000000E-006,   8.588028000000000E-006,  -3.106811000000000E-006,  -1.715034000000000E-011,  -5.042387000000000E-006,  -1.593413000000000E-012,  -2.047601000000000E-017,  -2.047601000000000E-017,  -2.047601000000000E-017,  -2.047601000000000E-017
        14.69165000000000,  -4.299374000000000E-008,  -6.418461000000000E-006,   1.064001000000000E-005,  -3.803318000000000E-006,  -2.215316000000000E-011,  -8.661307000000000E-006,  -1.210293000000000E-012,  -7.099197000000000E-019,  -7.099197000000000E-019,  -7.099197000000000E-019,  -7.099197000000000E-019
        14.70000000000000,  -5.807313000000000E-008,  -6.480680000000000E-006,   1.059554000000000E-005,  -3.857136000000000E-006,  -2.196429000000000E-011,  -8.796041000000001E-006,  -1.035758000000000E-012,  -3.483394000000000E-019,  -3.483394000000000E-019,  -3.483394000000000E-019,  -3.483394000000000E-019
        14.73304000000000,  -7.664141000000000E-008,  -6.371313000000000E-006,   9.559590000000000E-006,  -3.835087000000000E-006,  -1.901826000000000E-011,  -7.683042000000001E-006,  -4.714442000000000E-013,  -2.215373000000000E-019,  -2.215373000000000E-019,  -2.215373000000000E-019,  -2.215373000000000E-019
        14.76165000000000,  -7.004123000000000E-008,  -6.019733000000000E-006,   8.334831000000000E-006,  -3.637330000000000E-006,  -1.560060000000000E-011,  -6.005037000000000E-006,  -1.924748000000000E-013,  -2.720218000000000E-019,  -2.720218000000000E-019,  -2.720218000000000E-019,  -2.720218000000000E-019
        14.79843000000000,  -5.543148000000000E-008,  -5.457868000000000E-006,   6.926582000000000E-006,  -3.300015000000000E-006,  -1.172988000000000E-011,  -4.156226000000000E-006,  -9.199823000000000E-015,  -3.477159000000000E-019,  -3.477159000000000E-019,  -3.477159000000000E-019,  -3.477159000000000E-019
        14.85034000000000,  -3.776818000000000E-008,  -4.699251000000000E-006,   5.457497000000000E-006,  -2.835693000000000E-006,  -7.913478000000000E-012,  -2.501355000000000E-006,   1.032579000000000E-013,  -3.763678000000000E-019,  -3.763678000000000E-019,  -3.763678000000000E-019,  -3.763678000000000E-019
        14.99025000000000,  -1.515109000000000E-008,  -3.309244000000000E-006,   3.391251000000000E-006,  -1.984629000000000E-006,  -3.381877000000000E-012,  -8.376353000000000E-007,   1.882360000000000E-013,  -1.620519000000000E-019,  -1.620519000000000E-019,  -1.620519000000000E-019,  -1.620519000000000E-019
        15.00000000000000,  -1.435691000000000E-008,  -3.241299000000000E-006,   3.303667000000000E-006,  -1.943222000000000E-006,  -3.221629000000000E-012,  -7.860558000000001E-007,   1.905893000000000E-013,  -1.472202000000000E-019,  -1.472202000000000E-019,  -1.472202000000000E-019,  -1.472202000000000E-019
        15.18226000000000,  -6.218522000000000E-009,  -2.354601000000000E-006,   2.241257000000000E-006,  -1.405019000000000E-006,  -1.548639000000000E-012,  -2.842591000000000E-007,   2.121468000000000E-013,  -1.000045000000000E-020,  -1.000045000000000E-020,  -1.000045000000000E-020,  -1.000045000000000E-020
        15.30000000000000,  -4.066859000000000E-009,  -2.017923000000000E-006,   1.870964000000000E-006,  -1.201778000000000E-006,  -1.096266000000000E-012,  -1.618536000000000E-007,   2.159312000000000E-013,  -1.954199000000000E-022,  -1.954199000000000E-022,  -1.954199000000000E-022,  -1.954199000000000E-022
        15.59736000000000,  -1.700519000000000E-009,  -1.537400000000000E-006,   1.367397000000000E-006,  -9.128422000000001E-007,  -6.020681000000000E-013,  -3.656110000000000E-008,   2.155650000000000E-013,  -2.132668000000000E-022,  -2.132668000000000E-022,  -2.132668000000000E-022,  -2.132668000000000E-022
        15.60000000000000,  -1.688837000000000E-009,  -1.534581000000000E-006,   1.364520000000000E-006,  -9.111515000000000E-007,  -5.996600000000000E-013,  -3.597667000000000E-008,   2.155360000000000E-013,  -2.193906000000000E-022,  -2.193906000000000E-022,  -2.193906000000000E-022,  -2.193906000000000E-022
        15.90000000000000,  -8.144593000000000E-010,  -1.307238000000000E-006,   1.134992000000000E-006,  -7.749534000000000E-007,  -4.231791000000000E-013,   5.972957000000000E-009,   2.117578000000000E-013,  -4.584834000000000E-026,  -4.584834000000000E-026,  -4.584834000000000E-026,  -4.584834000000000E-026
        16.20000000000000,  -4.231916000000000E-010,  -1.192855000000000E-006,   1.021298000000000E-006,  -7.065578000000000E-007,  -3.472528000000000E-013,   2.337985000000000E-008,   2.085495000000000E-013,  -1.903760000000000E-025,  -1.903760000000000E-025,  -1.903760000000000E-025,  -1.903760000000000E-025
        16.50000000000000,  -2.331614000000000E-010,  -1.133622000000000E-006,   9.628478000000001E-007,  -6.711752000000000E-007,  -3.112014000000000E-013,   3.146755000000000E-008,   2.064504000000000E-013,   4.028733000000000E-026,   4.028733000000000E-026,   4.028733000000000E-026,   4.028733000000000E-026
        16.80000000000000,  -1.369437000000000E-010,  -1.102550000000000E-006,   9.322949000000000E-007,  -6.526240000000000E-007,  -2.931644000000000E-013,   3.546267000000000E-008,   2.052125000000000E-013,  -1.303961000000000E-026,  -1.303961000000000E-026,  -1.303961000000000E-026,  -1.303961000000000E-026
        17.10000000000000,  -8.701886000000000E-011,  -1.086143000000000E-006,   9.161910000000000E-007,  -6.428310000000000E-007,  -2.838807000000000E-013,   3.750416000000000E-008,   2.045180000000000E-013,  -1.081430000000000E-026,  -1.081430000000000E-026,  -1.081430000000000E-026,  -1.081430000000000E-026
        17.40000000000000,  -5.875936000000001E-011,  -1.077451000000000E-006,   9.076693000000000E-007,  -6.376441000000000E-007,  -2.790298000000000E-013,   3.856663000000000E-008,   2.041390000000000E-013,   9.559174000000000E-025,   9.559174000000000E-025,   9.559174000000000E-025,   9.559174000000000E-025
        17.70000000000000,  -4.685152000000000E-011,  -1.072839000000000E-006,   9.031479000000000E-007,  -6.348919000000000E-007,  -2.764744000000000E-013,   3.912511000000000E-008,   2.039332000000000E-013,   5.499663000000000E-025,   5.499663000000000E-025,   5.499663000000000E-025,   5.499663000000000E-025
        18.00000000000000,  -4.095110000000000E-011,  -1.070388000000000E-006,   9.007455000000000E-007,  -6.334293000000000E-007,  -2.751216000000000E-013,   3.942041000000000E-008,   2.038227000000000E-013,  -1.240335000000000E-024,  -1.240335000000000E-024,  -1.240335000000000E-024,  -1.240335000000000E-024
        18.30000000000000,  -3.560043000000000E-011,  -1.069083000000000E-006,   8.994682000000000E-007,  -6.326509000000000E-007,  -2.744032000000000E-013,   3.957715000000000E-008,   2.037647000000000E-013,  -1.380169000000000E-024,  -1.380169000000000E-024,  -1.380169000000000E-024,  -1.380169000000000E-024
        18.60000000000000,  -2.957291000000000E-011,  -1.068387000000000E-006,   8.987886000000000E-007,  -6.322357000000000E-007,  -2.740205000000000E-013,   3.966061000000000E-008,   2.037348000000000E-013,   2.802874000000000E-024,   2.802874000000000E-024,   2.802874000000000E-024,   2.802874000000000E-024
        18.90000000000000,  -3.357157000000000E-011,  -1.068021000000000E-006,   8.984276000000000E-007,  -6.320174000000000E-007,  -2.738193000000000E-013,   3.970448000000000E-008,   2.037160000000000E-013,   1.292991000000000E-025,   1.292991000000000E-025,   1.292991000000000E-025,   1.292991000000000E-025
        19.20000000000000,  -3.186296000000000E-011,  -1.067824000000000E-006,   8.982349000000000E-007,  -6.318997000000000E-007,  -2.737109000000000E-013,   3.972812000000000E-008,   2.037076000000000E-013,   1.034026000000000E-024,   1.034026000000000E-024,   1.034026000000000E-024,   1.034026000000000E-024
        19.50000000000000,  -3.133821000000000E-011,  -1.067719000000000E-006,   8.981326000000000E-007,  -6.318373000000000E-007,  -2.736534000000000E-013,   3.974064000000000E-008,   2.037030000000000E-013,   8.278239000000000E-027,   8.278239000000000E-027,   8.278239000000000E-027,   8.278239000000000E-027
        19.80000000000000,  -3.100039000000000E-011,  -1.067664000000000E-006,   8.980782000000000E-007,  -6.318042000000000E-007,  -2.736229000000000E-013,   3.974731000000000E-008,   2.037006000000000E-013,  -4.449156000000000E-025,  -4.449156000000000E-025,  -4.449156000000000E-025,  -4.449156000000000E-025
        20.10000000000000,  -3.105955000000000E-011,  -1.067634000000000E-006,   8.980489000000000E-007,  -6.317863000000000E-007,  -2.736064000000000E-013,   3.975088000000000E-008,   2.036991000000000E-013,   6.003489000000000E-025,   6.003489000000000E-025,   6.003489000000000E-025,   6.003489000000000E-025
        20.40000000000000,  -3.094579000000000E-011,  -1.067618000000000E-006,   8.980333000000000E-007,  -6.317768000000001E-007,  -2.735977000000000E-013,   3.975280000000000E-008,   2.036984000000000E-013,  -2.485478000000000E-025,  -2.485478000000000E-025,  -2.485478000000000E-025,  -2.485478000000000E-025
        20.70000000000000,  -3.093082000000000E-011,  -1.067610000000000E-006,   8.980253000000000E-007,  -6.317719000000000E-007,  -2.735932000000000E-013,   3.975378000000000E-008,   2.036981000000000E-013,   5.151207000000000E-026,   5.151207000000000E-026,   5.151207000000000E-026,   5.151207000000000E-026
        21.00000000000000,  -3.091806000000000E-011,  -1.067606000000000E-006,   8.980212000000000E-007,  -6.317694000000000E-007,  -2.735909000000000E-013,   3.975428000000000E-008,   2.036979000000000E-013,  -1.745748000000000E-027,  -1.745748000000000E-027,  -1.745748000000000E-027,  -1.745748000000000E-027
        21.30000000000000,  -3.091161000000000E-011,  -1.067604000000000E-006,   8.980191000000000E-007,  -6.317682000000000E-007,  -2.735897000000000E-013,   3.975453000000000E-008,   2.036978000000000E-013,   1.242270000000000E-027,   1.242270000000000E-027,   1.242270000000000E-027,   1.242270000000000E-027
        21.60000000000000,  -3.090769000000000E-011,  -1.067602000000000E-006,   8.980178000000000E-007,  -6.317674000000000E-007,  -2.735890000000000E-013,   3.975469000000000E-008,   2.036977000000000E-013,   1.708783000000000E-026,   1.708783000000000E-026,   1.708783000000000E-026,   1.708783000000000E-026
        21.90000000000000,  -3.090534000000000E-011,  -1.067601000000000E-006,   8.980170000000000E-007,  -6.317669000000000E-007,  -2.735885000000000E-013,   3.975479000000000E-008,   2.036977000000000E-013,  -3.347622000000000E-027,  -3.347622000000000E-027,  -3.347622000000000E-027,  -3.347622000000000E-027
        22.20000000000000,  -3.090477000000000E-011,  -1.067601000000000E-006,   8.980168000000000E-007,  -6.317668000000000E-007,  -2.735884000000000E-013,   3.975481000000000E-008,   2.036977000000000E-013,  -1.639329000000000E-027,  -1.639329000000000E-027,  -1.639329000000000E-027,  -1.639329000000000E-027
        22.50000000000000,  -3.090448000000000E-011,  -1.067601000000000E-006,   8.980167000000000E-007,  -6.317667000000001E-007,  -2.735884000000000E-013,   3.975482000000000E-008,   2.036977000000000E-013,   2.717285000000000E-028,   2.717285000000000E-028,   2.717285000000000E-028,   2.717285000000000E-028
        22.80000000000000,  -3.090408000000000E-011,  -1.067601000000000E-006,   8.980166000000000E-007,  -6.317666000000000E-007,  -2.735883000000000E-013,   3.975484000000000E-008,   2.036977000000000E-013,   7.047338000000000E-028,   7.047338000000000E-028,   7.047338000000000E-028,   7.047338000000000E-028
        23.10000000000000,  -3.090383000000000E-011,  -1.067601000000000E-006,   8.980165000000001E-007,  -6.317666000000000E-007,  -2.735883000000000E-013,   3.975485000000000E-008,   2.036977000000000E-013,   5.361480000000000E-028,   5.361480000000000E-028,   5.361480000000000E-028,   5.361480000000000E-028
        23.40000000000000,  -3.090375000000000E-011,  -1.067601000000000E-006,   8.980165000000001E-007,  -6.317666000000000E-007,  -2.735882000000000E-013,   3.975485000000000E-008,   2.036977000000000E-013,  -7.954528000000000E-030,  -7.954528000000000E-030,  -7.954528000000000E-030,  -7.954528000000000E-030
        23.70000000000000,  -3.090387000000000E-011,  -1.067601000000000E-006,   8.980165000000001E-007,  -6.317666000000000E-007,  -2.735883000000000E-013,   3.975485000000000E-008,   2.036977000000000E-013,  -6.795469000000000E-030,  -6.795469000000000E-030,  -6.795469000000000E-030,  -6.795469000000000E-030
        24.00000000000000,  -3.090398000000000E-011,  -1.067601000000000E-006,   8.980166000000000E-007,  -6.317666000000000E-007,  -2.735883000000000E-013,   3.975484000000000E-008,   2.036977000000000E-013,  -5.636410000000000E-030,  -5.636410000000000E-030,  -5.636410000000000E-030,  -5.636410000000000E-030
        24.30000000000000,  -3.090410000000000E-011,  -1.067601000000000E-006,   8.980166000000000E-007,  -6.317666000000000E-007,  -2.735883000000000E-013,   3.975484000000000E-008,   2.036977000000000E-013,  -4.477350000000000E-030,  -4.477350000000000E-030,  -4.477350000000000E-030,  -4.477350000000000E-030
        24.60000000000000,  -3.090421000000000E-011,  -1.067601000000000E-006,   8.980166000000000E-007,  -6.317667000000001E-007,  -2.735883000000000E-013,   3.975483000000000E-008,   2.036977000000000E-013,  -3.318290000000000E-030,  -3.318290000000000E-030,  -3.318290000000000E-030,  -3.318290000000000E-030
        24.90000000000000,  -3.090432000000000E-011,  -1.067601000000000E-006,   8.980167000000000E-007,  -6.317667000000001E-007,  -2.735883000000000E-013,   3.975483000000000E-008,   2.036977000000000E-013,  -2.159230000000000E-030,  -2.159230000000000E-030,  -2.159230000000000E-030,  -2.159230000000000E-030
        25.20000000000000,  -3.090444000000000E-011,  -1.067601000000000E-006,   8.980167000000000E-007,  -6.317667000000001E-007,  -2.735884000000000E-013,   3.975482000000000E-008,   2.036977000000000E-013,  -1.000170000000000E-030,  -1.000170000000000E-030,  -1.000170000000000E-030,  -1.000170000000000E-030
        25.50000000000000,  -3.090452000000000E-011,  -1.067601000000000E-006,   8.980167000000000E-007,  -6.317667000000001E-007,  -2.735884000000000E-013,   3.975482000000000E-008,   2.036977000000000E-013,  -1.790372000000000E-031,  -1.790372000000000E-031,  -1.790372000000000E-031,  -1.790372000000000E-031
        25.80000000000000,  -3.090453000000000E-011,  -1.067601000000000E-006,   8.980167000000000E-007,  -6.317667000000001E-007,  -2.735884000000000E-013,   3.975482000000000E-008,   2.036977000000000E-013,  -1.659942000000000E-031,  -1.659942000000000E-031,  -1.659942000000000E-031,  -1.659942000000000E-031
        26.10000000000000,  -3.090455000000000E-011,  -1.067601000000000E-006,   8.980167000000000E-007,  -6.317667000000001E-007,  -2.735884000000000E-013,   3.975482000000000E-008,   2.036977000000000E-013,  -1.529513000000000E-031,  -1.529513000000000E-031,  -1.529513000000000E-031,  -1.529513000000000E-031
        26.40000000000000,  -3.090456000000000E-011,  -1.067601000000000E-006,   8.980167000000000E-007,  -6.317667000000001E-007,  -2.735884000000000E-013,   3.975482000000000E-008,   2.036977000000000E-013,  -1.399083000000000E-031,  -1.399083000000000E-031,  -1.399083000000000E-031,  -1.399083000000000E-031
        26.70000000000000,  -3.090457000000000E-011,  -1.067601000000000E-006,   8.980167000000000E-007,  -6.317667000000001E-007,  -2.735884000000000E-013,   3.975482000000000E-008,   2.036977000000000E-013,  -1.268653000000000E-031,  -1.268653000000000E-031,  -1.268653000000000E-031,  -1.268653000000000E-031
        27.00000000000000,  -3.090458000000000E-011,  -1.067601000000000E-006,   8.980168000000000E-007,  -6.317667000000001E-007,  -2.735884000000000E-013,   3.975482000000000E-008,   2.036977000000000E-013,  -1.138223000000000E-031,  -1.138223000000000E-031,  -1.138223000000000E-031,  -1.138223000000000E-031
        27.30000000000000,  -3.090459000000000E-011,  -1.067601000000000E-006,   8.980168000000000E-007,  -6.317667000000001E-007,  -2.735884000000000E-013,   3.975482000000000E-008,   2.036977000000000E-013,  -1.007793000000000E-031,  -1.007793000000000E-031,  -1.007793000000000E-031,  -1.007793000000000E-031
        27.60000000000000,  -3.090460000000000E-011,  -1.067601000000000E-006,   8.980168000000000E-007,  -6.317667000000001E-007,  -2.735884000000000E-013,   3.975482000000000E-008,   2.036977000000000E-013,  -8.773630000000000E-032,  -8.773630000000000E-032,  -8.773630000000000E-032,  -8.773630000000000E-032
        27.90000000000000,  -3.090462000000000E-011,  -1.067601000000000E-006,   8.980168000000000E-007,  -6.317667000000001E-007,  -2.735884000000000E-013,   3.975482000000000E-008,   2.036977000000000E-013,  -7.469331000000000E-032,  -7.469331000000000E-032,  -7.469331000000000E-032,  -7.469331000000000E-032
        28.20000000000000,  -3.090463000000000E-011,  -1.067601000000000E-006,   8.980168000000000E-007,  -6.317668000000000E-007,  -2.735884000000000E-013,   3.975482000000000E-008,   2.036977000000000E-013,  -6.165032000000000E-032,  -6.165032000000000E-032,  -6.165032000000000E-032,  -6.165032000000000E-032
        28.50000000000000,  -3.090464000000000E-011,  -1.067601000000000E-006,   8.980168000000000E-007,  -6.317668000000000E-007,  -2.735884000000000E-013,   3.975482000000000E-008,   2.036977000000000E-013,  -4.860733000000000E-032,  -4.860733000000000E-032,  -4.860733000000000E-032,  -4.860733000000000E-032
        28.80000000000000,  -3.090465000000000E-011,  -1.067601000000000E-006,   8.980168000000000E-007,  -6.317668000000000E-007,  -2.735884000000000E-013,   3.975482000000000E-008,   2.036977000000000E-013,  -3.556434000000000E-032,  -3.556434000000000E-032,  -3.556434000000000E-032,  -3.556434000000000E-032
        29.10000000000000,  -3.090466000000000E-011,  -1.067601000000000E-006,   8.980168000000000E-007,  -6.317668000000000E-007,  -2.735884000000000E-013,   3.975481000000000E-008,   2.036977000000000E-013,  -2.252135000000000E-032,  -2.252135000000000E-032,  -2.252135000000000E-032,  -2.252135000000000E-032
        29.40000000000000,  -3.090467000000000E-011,  -1.067601000000000E-006,   8.980168000000000E-007,  -6.317668000000000E-007,  -2.735884000000000E-013,   3.975481000000000E-008,   2.036977000000000E-013,  -9.478353999999999E-033,  -9.478353999999999E-033,  -9.478353999999999E-033,  -9.478353999999999E-033
        29.70000000000000,  -3.090468000000000E-011,  -1.067601000000000E-006,   8.980168000000000E-007,  -6.317668000000000E-007,  -2.735884000000000E-013,   3.975481000000000E-008,   2.036977000000000E-013,  -1.529975000000000E-033,  -1.529975000000000E-033,  -1.529975000000000E-033,  -1.529975000000000E-033
        30.00000000000000,  -3.090469000000000E-011,  -1.067601000000000E-006,   8.980168000000000E-007,  -6.317668000000000E-007,  -2.735884000000000E-013,   3.975481000000000E-008,   2.036977000000000E-013,  -2.133700000000000E-034,  -2.133700000000000E-034,  -2.133700000000000E-034,  -2.133700000000000E-034
